skill,weighted_score
time management,124.86382148896939
problem solving,116.96937475922805
communication,108.16128962214279
equipment maintenance,108.10577883227896
operations monitoring,102.96879984721184
inventory management,86.49297782609565
troubleshooting,80.9356484300016
material handling,76.29147223364875
record keeping,70.57206859153928
critical thinking,58.828769491946126
team management,56.500023192493785
financial management,56.0327850058439
customer service,52.68373443223446
installation,48.17398731660508
complex problem solving,45.47391964897858
judgment and decision making,44.66288722062252
laboratory techniques,41.17869114219121
budgeting,40.36855441617214
technical documentation,40.07200000000003
personnel management,35.126331537743354
emergency response,34.96884087481148
staff supervision,34.12992997198878
project management,33.882662905721716
training and development,32.95384239290121
supply chain management,32.43923112834876
precision measurement,32.22792081447968
financial analysis,32.07351587301586
customer education,31.799984126984143
systems analysis,31.08945811051694
sales techniques,28.64207936507935
scheduling,27.86758553864437
data analysis,26.906282051282055
conflict resolution,26.605907327966115
active learning,24.562673796791398
risk management,24.40428571428571
attention to detail,23.32940326340327
marketing strategies,21.2419126984127
lesson planning,20.760000000000012
research methods,20.556206349206324
customer communication,20.308150623885904
cash handling,19.667166666666667
logistics management,19.508667636285278
medication administration,19.021615384615362
adaptability,18.959999999999983
facility maintenance,18.581254147812974
blueprint reading,17.853833333333323
cost estimation,17.740666666666662
data recording,17.661666666666648
client record management,17.422373015873013
data entry,17.25811538461538
negotiation,16.577539682539683
hand tool operation,16.47433333333329
equipment calibration,16.371961538461523
surface preparation,16.288961538461525
learning strategies,16.272666666666648
report writing,15.583333333333336
counseling techniques,15.3285
child development,15.06333333333334
event planning,14.83183333333333
patient care techniques,14.807499999999987
mathematics,14.427787878787873
vital sign monitoring,13.903333333333324
emotional intelligence,13.733333333333343
mathematical calculations,13.626666666666647
accounting,13.459373015873014
parent communication,13.350000000000009
organization,13.339666666666654
teaching techniques,13.024999999999997
clerical duties,12.37999999999999
vehicle operation,12.197500000000003
food preparation,12.169333333333318
classroom management,12.07999999999999
program development,11.361999999999995
technical manual interpretation,11.223666666666658
transportation management,11.08316666666664
welding techniques,11.012121212121198
programming,10.914128205128192
professional development,10.87749999999999
surface finishing,10.783628205128194
security protocols,10.750999999999992
lubrication techniques,10.744044289044275
circuit analysis,10.601999999999983
material preparation,10.52749999999999
patient monitoring,10.382666666666651
drilling techniques,10.350249417249412
patient communication,10.278333333333329
operation and control,10.176336898395691
frame repair,10.142666666666658
incident reporting,10.078333333333324
patient education,10.062499999999993
police procedures,10.02787301587301
exterior panel replacement,9.952666666666659
work procedure planning,9.952666666666659
gas line repair,9.952666666666659
plumbing system installation,9.952666666666659
repair planning,9.952666666666659
damage assessment,9.952666666666659
social perceptiveness,9.758333333333317
health education,9.502666666666656
first aid techniques,9.45666666666666
temperature control,9.433076923076923
payment processing,9.336833333333331
physical labor,9.306831070889883
mechanical design,9.2931212121212
financial record keeping,9.267499999999998
cleaning and organization,9.044833333333328
service orientation,9.006666666666657
community engagement,8.939539682539678
exercise instruction,8.594999999999997
progress monitoring,8.589999999999995
mathematical reasoning,8.587549019607833
technical drawing,8.585787878787867
product knowledge,8.51694444444444
curriculum development,8.473333333333319
order fulfillment,8.416666666666663
evidence handling,8.319539682539679
treatment planning,8.224999999999989
policy development,8.178888888888883
patient transportation,8.157499999999999
market research,8.078095238095232
storage and organization,8.068499999999997
package delivery,7.880833333333329
comprehensive care planning,7.853499999999993
fastening techniques,7.792333333333326
equipment testing,7.770454545454542
physical stamina,7.666903263403254
pressure control,7.61474358974358
case management,7.540999999999992
chemical analysis,7.473333333333329
fastening and packaging,7.354999999999991
industrial truck operation,7.354999999999991
pipe installation,7.3389032634032585
reassembly techniques,7.307787878787874
persuasion,7.307777777777768
material transfer,7.2873333333333274
assembly techniques,7.278454545454538
active listening,7.256111111111105
participation encouragement,7.235999999999998
program evaluation,7.203333333333321
route navigation,7.059615384615376
instructing,7.029333333333312
animal care,6.974600301659121
performance management,6.917539682539677
testimony,6.898333333333331
process control,6.856172161172157
log maintenance,6.806666666666665
site preparation,6.787831070889885
disease prevention,6.7366666666666575
lifting and moving,6.648569930069922
emotional support,6.519999999999997
recreational activity planning,6.511666666666661
data collection,6.494999999999998
reading comprehension,6.475999999999999
dressing assistance,6.409999999999996
equipment disassembly,6.384666666666663
decision making,6.346428571428568
scaffolding setup,6.30933333333333
resource monitoring,6.305873015873012
customer complaint resolution,6.1824999999999966
customer engagement,6.1824999999999966
metal shaping techniques,6.118461538461535
supply ordering,6.117499999999995
compliance management,6.076666666666664
water management,6.069448717948712
supportive device use,6.037499999999996
functional activity support,6.037499999999996
behavioral management,6.023333333333326
plant care,5.9874999999999945
community outreach,5.939999999999996
interviewing techniques,5.9033333333333315
stock unpacking,5.837499999999994
event decoration,5.837499999999994
design principles,5.837499999999994
flower arrangement techniques,5.837499999999994
display creation,5.837499999999994
writing skills,5.820000000000001
staff recruitment,5.747777777777776
food safety,5.6843333333333295
machine setup and operation,5.68388461538461
patient care,5.647499999999996
student counseling,5.639999999999991
strategic thinking,5.60587301587301
operational integrity,5.60587301587301
route planning,5.5949999999999935
waste management,5.5816666666666555
merchandise delivery,5.516666666666665
layout planning,5.484999999999988
cable management,5.473236596736595
crop management,5.409754147812972
landscaping techniques,5.4033519813519755
medical supply management,5.400833333333328
fluoride application,5.380833333333332
dental instruments,5.380833333333332
individualized education planning,5.3599999999999905
client communication,5.318333333333331
storage management,5.308
measurement skills,5.268454545454543
electrical system testing,5.265999999999993
critical care,5.260833333333325
data verification,5.234999999999998
technical communication,5.189999999999997
mathematical analysis,5.1884615384615325
forest management,5.165666666666664
grant writing,5.093333333333326
student record keeping,5.0699999999999905
client consultation,5.052999999999996
problem analysis,4.966666666666664
medical diagnosis,4.939999999999997
hair cleansing techniques,4.924999999999996
manual labor,4.916333333333334
speaking,4.825000000000001
equipment troubleshooting,4.813787878787874
financial reporting,4.7883333333333296
disability support,4.769999999999997
basic life support,4.749999999999996
debris removal,4.730333333333329
measurement and layout,4.690666666666667
tax law knowledge,4.67833333333333
machining,4.668461538461534
surgical procedures,4.628782051282046
customer relations,4.564444444444443
client assessment,4.539999999999997
design evaluation,4.536666666666666
electrical system installation,4.535666666666667
academic advising,4.509999999999998
troubleshooting skills,4.495121212121212
installation support,4.495121212121212
material removal,4.42208974358974
technical support,4.373333333333332
transportation services,4.339999999999998
home and work adjustment,4.339999999999998
infection control,4.339999999999998
hazardous materials handling,4.301666666666666
stakeholder communication,4.274999999999997
design modification,4.243666666666665
workpiece inspection,4.239294871794866
mobility assistance,4.212499999999996
critical decision making,4.144999999999998
client advocacy,4.143333333333331
regulatory knowledge,4.109999999999999
workpiece positioning,4.108756410256405
labor management,4.089206349206346
wiring installation,4.087666666666665
collaboration skills,4.059999999999997
information retrieval,4.044999999999998
printing techniques,4.013461538461538
evidence analysis,3.9799999999999978
conduit installation,3.950666666666666
administrative tasks,3.9343333333333304
cultural competence,3.9299999999999966
material analysis,3.901666666666664
medical terminology,3.8783333333333316
log grading,3.845049019607843
production planning,3.8426678876678833
sample collection,3.838333333333331
work area cleaning,3.820666666666666
wire stripping techniques,3.820666666666666
polishing techniques,3.7936666666666645
document classification,3.7833333333333323
protective covering application,3.771999999999996
adhesive application,3.7716666666666634
cognitive development,3.759999999999997
electronic systems analysis,3.742999999999997
industrial electronics,3.742999999999997
multitasking,3.7174999999999985
sample labeling,3.714999999999999
creativity,3.7099999999999973
structural analysis,3.7076666666666616
food handling,3.699999999999995
employee counseling,3.673272727272729
behavioral intervention,3.654999999999995
data security,3.6399999999999992
academic support,3.629999999999997
elementary education,3.629999999999997
discharge planning,3.584999999999997
communication systems installation,3.537999999999999
health maintenance guidance,3.470999999999999
supervision of nursing personnel,3.470999999999999
property protection,3.441666666666664
report generation,3.4366666666666665
filing systems,3.406666666666666
surface repair,3.389999999999997
patient restriction management,3.3799999999999963
behavioral observation,3.3799999999999963
daily living assistance,3.3799999999999963
social activity organization,3.3799999999999963
physical support,3.3799999999999963
access control,3.3783333333333294
technical guidance,3.3716666666666666
packaging techniques,3.3533333333333326
grout application,3.3533333333333317
strategic planning,3.3414285714285676
design specifications,3.3216666666666663
fastening and securing,3.2983333333333302
intervention evaluation,3.292499999999999
mechanism adjustment,3.2871212121212072
mechanism replacement,3.2871212121212072
functional testing,3.2871212121212072
problem identification,3.2871212121212072
proper alignment,3.2871212121212072
patron conduct,3.2658333333333327
system integration,3.262666666666664
process optimization,3.261666666666665
cutting and fitting,3.25833333333333
structural framing,3.25833333333333
cutting and shaping,3.2573333333333316
form construction,3.2573333333333316
product demonstration,3.2569444444444446
chemical synthesis,3.246666666666665
goal setting,3.2294444444444417
attendance management,3.199166666666666
file management,3.1966666666666663
order maintenance,3.188333333333332
experimental design,3.1649999999999965
crisis intervention,3.1559999999999984
harvesting techniques,3.1472307692307684
public education,3.1433333333333318
dimensional verification,3.1349999999999976
patrol procedures,3.121666666666664
presentation skills,3.1199999999999997
system testing,3.1016666666666652
structural integrity,3.0599999999999965
cargo management,3.0549999999999975
ingredient measurement,3.0383333333333304
prospect list development,3.0349999999999993
payment collection,3.0349999999999993
client education,3.0349999999999975
artistic expression,2.9999999999999982
geological analysis,2.996666666666666
evidence collection,2.994999999999998
instrumentation,2.990999999999998
fingerprint analysis,2.989999999999998
evidence preservation,2.989999999999998
problem resolution,2.984529411764706
chemical handling,2.9716666666666645
community development,2.969999999999997
medical research,2.9683333333333315
computer-aided design,2.949999999999999
script analysis,2.9200000000000004
public relations,2.914999999999999
surveillance techniques,2.9083333333333306
geographic information systems,2.901666666666665
technology design,2.9009999999999962
wiring repair techniques,2.8919999999999972
soil preparation,2.8498974358974345
image processing,2.8334615384615365
facility inspection,2.81621568627451
science,2.8126666666666633
geological material handling,2.8119999999999963
contract management,2.806666666666666
laboratory safety,2.7949999999999986
humidity control,2.7714102564102534
product design,2.7699999999999996
social service coordination,2.7483333333333313
law enforcement,2.7166666666666655
food presentation,2.711666666666664
pest control,2.7042820512820502
research and development,2.697999999999998
health promotion,2.6899999999999986
team support,2.6819999999999986
worksite organization,2.6819999999999986
meat cutting techniques,2.673333333333329
community relations,2.6616666666666657
reassembly and adjustment,2.6439999999999966
electric motor repair,2.6439999999999966
confidentiality,2.6349999999999967
inmate management,2.631
social work,2.6299999999999972
training coordination,2.6014285714285688
caulking and sealing,2.5999999999999996
range of motion evaluation,2.597499999999998
drain maintenance,2.593333333333333
meat preparation,2.59333333333333
scientific knowledge,2.580882352941175
clinical decision making,2.579999999999998
material measurement,2.579999999999998
pattern making,2.5749999999999984
vegetation management,2.569333333333332
disaster recovery,2.5649999999999995
career development,2.561666666666665
floor preparation techniques,2.558333333333332
operational procedures,2.5433333333333326
employee relations,2.5176666666666656
map reading,2.5149999999999997
product presentation,2.5149999999999983
therapy program development,2.504999999999998
observation and analysis,2.504999999999998
physical and mental well-being improvement,2.504999999999998
community integration,2.504999999999998
stockroom organization,2.5041666666666664
storage and retrieval,2.5041666666666664
personal care assistance,2.4999999999999964
ambulation support,2.4999999999999964
hemoglobin testing,2.4799999999999995
blood collection techniques,2.4799999999999995
fluid sample analysis,2.4799999999999995
phlebotomy procedures,2.4799999999999995
network security,2.4716666666666636
painting techniques,2.4383333333333335
site management,2.424166666666664
crew management,2.4133333333333327
drink preparation,2.406666666666665
assembly and joinery,2.403333333333332
simulation software,2.3901282051282027
pricing strategies,2.389444444444444
smooth and secure operations,2.384999999999999
cargo weight and balance calculation,2.384999999999999
efficient workflow management,2.384999999999999
space optimization techniques,2.384999999999999
aircraft stability maintenance,2.384999999999999
safety information communication,2.384999999999999
coordination of care,2.379999999999998
heat sealing,2.3783333333333325
log measurement,2.3716666666666666
critical evaluation,2.3699999999999997
specimen preparation,2.3599999999999994
cable installation,2.359999999999999
order management,2.350454545454545
asset protection,2.328333333333333
quality assessment,2.3249999999999997
color theory,2.32
resource preservation,2.3199999999999994
data mapping,2.3199999999999994
crisis management,2.318333333333333
system design,2.318333333333331
industrial process analysis,2.3132051282051265
manufacturing efficiency,2.3132051282051265
product reliability,2.3132051282051265
statistical evaluation,2.3132051282051265
progress documentation,2.3124999999999987
modalities administration,2.3124999999999987
weight management,2.2949999999999995
instructional design,2.289999999999999
surveying techniques,2.289999999999999
cargo examination,2.2633333333333323
customs regulations understanding,2.2633333333333323
merchandise appraisal,2.2633333333333323
immigration law knowledge,2.2633333333333323
bonding techniques,2.258461538461536
precision alignment,2.258461538461536
photography,2.249999999999999
financial regulations,2.249999999999999
accuracy checking,2.2449999999999988
mental health assessment,2.2199999999999984
fluid management,2.213333333333332
dispute resolution,2.1999999999999997
visual composition,2.1999999999999997
property evaluation,2.196666666666667
geographic data analysis,2.194999999999999
technology assessment,2.1866666666666665
computer resource development,2.1866666666666665
operational reporting,2.1866666666666665
groundskeeping operations,2.1850699300699286
automotive system analysis,2.180999999999998
decorative design,2.168333333333329
fire extinguishing techniques,2.163333333333332
creative direction,2.149999999999999
workspace organization,2.1469999999999994
rinsing and drying,2.1469999999999994
protective treatments,2.1469999999999994
weatherproofing,2.1399999999999997
office administration,2.135
nutrition and dietary management,2.129999999999998
fluid intake and output management,2.129999999999998
wound care,2.129999999999998
social support,2.1283333333333307
product evaluation,2.1266666666666665
ticket sales,2.1225
concession operations,2.1225
ride operations,2.1225
log evaluation,2.1216666666666666
log sorting,2.1216666666666666
volume estimation,2.1216666666666666
material identification,2.1216666666666666
market value determination,2.1216666666666666
log tracking,2.1216666666666666
physical examination techniques,2.1074999999999973
chemical mixing,2.1066666666666656
labor relations,2.101666666666666
discipline techniques,2.098333333333332
household management,2.0909999999999993
choreography,2.0899999999999994
daily living skills,2.089999999999998
fine art trends analysis,2.0800000000000005
fine art portfolio management,2.0800000000000005
fine art marketing,2.0800000000000005
digital art techniques,2.0800000000000005
perspective drawing,2.0800000000000005
auditing,2.079999999999999
service delivery,2.0783333333333327
passenger management,2.0383333333333318
behavior monitoring,2.0309999999999997
safety and welfare,2.0309999999999997
precision adjustment,2.026961538461537
networking,2.0249999999999995
crop quality control,2.023615384615384
nanotechnology research,2.0199999999999974
passenger safety,2.005
instructional training,1.9999999999999993
sketching and diagramming,1.9999999999999993
crime scene documentation,1.9999999999999993
eligibility assessment,1.9949999999999999
client support,1.9899999999999984
document review,1.9716666666666667
auditioning,1.9699999999999993
healthcare policy,1.9699999999999982
assistive technology,1.9699999999999975
illustration techniques,1.9600000000000004
train operation,1.9567647058823512
environmental policy development,1.953333333333332
traffic analysis,1.9499999999999995
sales forecasting,1.949444444444444
press operation,1.9484615384615374
fertilizer application,1.9086153846153842
pattern assembly,1.9083333333333325
cash drawer balancing,1.9049999999999996
template repair,1.8849999999999993
pattern finishing,1.8849999999999993
fixture construction,1.8849999999999993
health education materials development,1.8833333333333322
cooperative working relationships,1.8833333333333322
animal health monitoring,1.8803333333333334
quality improvement,1.8799999999999988
passenger assistance,1.8749999999999996
computer hardware design,1.855
transaction reconciliation,1.8549999999999995
procedural adherence,1.8549999999999995
customer verification,1.8549999999999995
age verification,1.8549999999999995
currency exchange,1.8549999999999995
product development,1.846666666666667
table setting,1.8424999999999985
land use planning,1.842138763197586
health maintenance education,1.8374999999999984
patient continuity of care,1.8374999999999984
complex procedure assistance,1.8374999999999984
data visualization,1.8316666666666654
incident response,1.8283333333333336
load assessment,1.8266666666666658
fluid circulation,1.82
rehabilitation planning,1.8199999999999976
order preservation,1.8133333333333326
patient history,1.807499999999998
defect identification,1.805999999999998
recycling operations,1.7966666666666664
model building,1.784333333333332
flooring material selection,1.783333333333331
measurement and calculation,1.783333333333331
carpet padding installation,1.783333333333331
hardware fastening,1.783333333333331
tack strip installation,1.783333333333331
surface alignment,1.783333333333331
benefits administration,1.7816666666666663
injury prevention,1.7699999999999998
change management,1.7647619047619036
irrigation system management,1.764615384615384
substance abuse treatment,1.7599999999999973
electrical wiring,1.7499999999999987
experimentation,1.7499999999999982
coating application,1.7449999999999997
data integration,1.7383333333333324
hazard identification,1.7366666666666652
leak detection,1.73
roof penetration,1.73
plumbing insulation,1.73
solar collector mounting,1.73
solar system installation,1.73
plumbing techniques,1.73
mechanical knowledge,1.726666666666667
terrain navigation,1.7233823529411767
topographic analysis,1.7199999999999989
power tool operation,1.7149999999999999
engineering principles,1.7129999999999994
cost control,1.7123015873015863
geometry,1.7034615384615375
food storage,1.7016666666666653
makeup application,1.7000000000000002
optical system setup,1.6999999999999997
workplace inspection,1.6900000000000004
health legislation enforcement,1.6900000000000004
energy conservation,1.69
crime prevention,1.6883333333333332
mathematical operations,1.688333333333333
flow control,1.686666666666666
legal research,1.685
anesthesia administration,1.6824999999999992
clinical data analysis,1.6799999999999984
linens management,1.6783333333333332
solution preparation,1.6734615384615363
leveling and alignment,1.6700000000000004
sensitive database management,1.6699999999999997
guidance and instruction,1.6699999999999997
communication systems management,1.6699999999999997
critical information provision,1.6699999999999997
call recording and documentation,1.6699999999999997
location determination,1.6699999999999997
developing situation monitoring,1.6699999999999997
emergency unit dispatch,1.6699999999999997
pain management,1.669999999999998
threat analysis,1.6633333333333324
physical therapy techniques,1.659999999999999
presentation techniques,1.6449999999999998
animal nutrition,1.6399999999999997
academic writing,1.6399999999999997
video production,1.6314285714285708
preventative care,1.6300000000000001
proposal writing,1.6299999999999997
drafting,1.6234615384615376
electro-optical sensing,1.6199999999999997
fiber-optic link analysis,1.6199999999999997
laser design,1.6199999999999997
light source design,1.6199999999999997
photonics prototyping,1.6199999999999997
photonic design history creation,1.6199999999999997
imaging system design,1.6199999999999997
boiler operation,1.6199999999999988
weather monitoring,1.6166666666666656
temperature monitoring,1.6166666666666654
dishwashing,1.6166666666666654
fruit preparation,1.6166666666666654
kitchen maintenance,1.6166666666666654
vegetable preparation,1.6166666666666654
food assembly,1.6166666666666654
geothermal plant operations,1.6099999999999999
mathematical modeling,1.5899999999999994
dispatch coordination,1.5799999999999996
family dynamics,1.5749999999999988
analytical skills,1.5716666666666663
accessory installation,1.5709999999999997
tire repair,1.5709999999999997
floor maintenance,1.5699999999999978
erosion control,1.565666666666666
material flow,1.563333333333333
chemical application,1.561666666666666
photo mosaics creation,1.5599999999999996
data manipulation,1.5599999999999996
court procedures,1.5449999999999997
talent acquisition,1.5416666666666663
compensation analysis,1.5366666666666662
skin preparation,1.53
continuity maintenance,1.53
character research,1.53
lighting adjustment,1.53
special effects creation,1.53
prosthetic attachment,1.53
period setting knowledge,1.53
airway management,1.5274999999999983
venipuncture and blood sampling,1.5199999999999991
massage and soft tissue mobilization,1.5199999999999991
public health reporting,1.5199999999999991
natural medicine administration,1.5199999999999991
pharmacological knowledge,1.5199999999999991
gas processing,1.5166666666666664
spray direction,1.5116666666666663
area coverage,1.5116666666666663
weather consideration,1.5116666666666663
plant diagnosis,1.5116666666666663
financial operations coordination,1.5
image editing,1.4934615384615364
portion control,1.49
case analysis,1.4899999999999998
contract preparation,1.4899999999999998
intelligence gathering,1.4899999999999995
information sharing,1.4899999999999995
criminal profiling,1.4899999999999995
pattern recognition,1.4899999999999995
information analysis,1.4899999999999989
exercise prescription,1.4899999999999989
service record keeping,1.478787878787876
image analysis,1.4774999999999991
medical ethics,1.4774999999999991
heating and cooling system repair,1.4750000000000005
technical manual utilization,1.4750000000000005
precision record keeping,1.4750000000000005
pipe repair methods,1.4750000000000005
winch operation,1.4737820512820505
engine management,1.4737820512820505
excavation techniques,1.4737820512820505
anchor placement,1.4737820512820505
prototyping,1.4700000000000006
drilling fluid management,1.47
physical fitness maintenance,1.4699999999999998
die installation,1.4651282051282037
hardware installation,1.4649999999999976
energy efficiency analysis,1.464761904761904
custom application development,1.461666666666665
ensemble work,1.4599999999999989
steam generation,1.4499999999999986
fuel management,1.4499999999999986
heat supply,1.4499999999999986
family assessment,1.444999999999999
radiation safety,1.4433333333333316
cognitive function assessment,1.4333333333333316
complex analysis,1.4316666666666658
research skills,1.4249999999999985
procedure establishment,1.4244444444444444
information management,1.4244444444444444
deadline management,1.4244444444444444
report analysis,1.4244444444444444
component replacement,1.4209999999999985
return and exchange management,1.4199999999999997
mapmaking,1.419999999999999
land information systems,1.419999999999999
map editing,1.419999999999999
recipe following,1.4016666666666657
material positioning,1.3991666666666667
continuous learning,1.397499999999999
product sampling,1.396666666666667
alarm response,1.396666666666667
food service,1.3949999999999994
film digitization,1.3934615384615368
darkroom equipment maintenance,1.3934615384615368
malfunction detection,1.3934615384615368
photographic reproduction techniques,1.3934615384615368
chemical measurement,1.3934615384615368
display design,1.3899999999999997
behavior modification,1.3899999999999995
soldering skills,1.3863333333333323
credit evaluation,1.3849999999999996
geological sampling,1.38
well servicing,1.38
survey data interpretation,1.3766666666666665
material manipulation,1.375
remote sensing,1.3749999999999991
maintenance documentation,1.37
geothermal loop piping installation,1.37
instructing medical staff,1.369999999999999
contrast agent administration,1.369999999999999
image quality control,1.369999999999999
magnetic resonance imaging,1.369999999999999
comforting patients,1.369999999999999
map creation,1.3649999999999993
client data analysis,1.359999999999999
mental health support,1.3549999999999989
community resource navigation,1.3533333333333322
benefit identification,1.3533333333333322
resource referral,1.3533333333333322
emotional needs assessment,1.3533333333333322
behavioral strategy development,1.3533333333333322
scientific documentation,1.3449999999999986
test compilation,1.3449999999999986
depth measurement,1.3437820512820504
decision writing,1.3399999999999999
allegation assessment,1.3399999999999999
compensation awarding,1.3399999999999999
sentence imposition,1.3399999999999999
legal interpretation,1.3399999999999999
jury instruction,1.3399999999999999
market knowledge,1.336666666666667
ventilation management,1.3349999999999984
housekeeping,1.3333333333333326
programming cnc machines,1.330999999999999
coolant and lubricant selection,1.3291666666666668
asphalt patching,1.3286666666666669
pavement repair techniques,1.3286666666666669
environmental sampling,1.326666666666666
field work,1.326666666666666
remediation techniques,1.326666666666666
soil sampling,1.3249999999999995
sensor installation,1.3249999999999995
gps technology,1.3249999999999995
precision agriculture,1.3249999999999995
group therapy,1.3149999999999986
sustainable design,1.31
biological data analysis,1.31
cartography,1.3099999999999992
disturbance investigation,1.308333333333333
oil changes,1.3009999999999997
stock ordering,1.3009999999999997
fluid replenishment,1.3009999999999997
vocal techniques,1.2999999999999992
data modeling,1.2999999999999992
roof preparation,1.2746666666666666
roof inspection,1.2746666666666666
computerized automotive applications,1.270999999999999
alternative energy testing,1.270999999999999
prototype development,1.270999999999999
graphic design,1.27
menu planning,1.2699999999999998
roof repair,1.2646666666666666
ladder safety,1.2646666666666666
hoisting equipment operation,1.2646666666666666
nutrient retention,1.2556666666666663
laboratory data entry,1.25
system administration,1.243333333333333
genetic analysis,1.2399999999999998
project feasibility analysis,1.2383333333333328
container preparation techniques,1.2349999999999992
container assembly,1.2349999999999992
product shaping,1.23
product casting,1.23
product formation,1.23
manual dexterity,1.23
work order analysis,1.23
volunteer coordination,1.2283333333333328
financial oversight,1.2283333333333328
microscopic examination,1.2233333333333323
patient mobility techniques,1.2216666666666667
equipment transportation,1.2216666666666667
environmental support,1.2216666666666667
emotional development,1.2199999999999993
child safety,1.2199999999999993
health habits,1.2199999999999993
rest period management,1.2199999999999993
grooming assistance,1.2183333333333328
organizational skills,1.218333333333331
infrastructure planning,1.2166666666666666
legislative analysis,1.2149999999999999
career counseling,1.203333333333333
engineering standards,1.2000000000000002
insulation application,1.1999999999999995
nutrition studies,1.1983333333333317
cooking techniques,1.1900000000000002
load securing,1.1899999999999997
finishing techniques,1.1899999999999986
group dynamics,1.1876666666666669
signal interpretation,1.1858823529411755
mental health education,1.184999999999999
stone carving,1.1799999999999997
career guidance,1.17
teaching,1.1699999999999995
academic planning,1.1649999999999965
identification techniques,1.164
field monitoring,1.1595294117647061
job classification,1.1549999999999998
respiratory function assessment,1.1499999999999997
medical device management,1.1499999999999997
mortar application,1.148333333333333
masonry techniques,1.148333333333333
public works planning,1.1466666666666667
material stress calculation,1.1466666666666667
blueprint creation,1.1466666666666667
rigging and hoisting,1.1449999999999998
materials science,1.1449999999999998
casing insertion,1.14
depth control,1.14
drill bit management,1.14
alignment management,1.14
assembly and installation,1.14
medical coding,1.1399999999999997
insurance billing,1.1399999999999997
agricultural production,1.1396153846153843
farm equipment operation,1.1396153846153843
sample preparation,1.13
experiment monitoring,1.13
invasive techniques,1.1299999999999994
work order and instruction reading,1.129999999999999
color consistency control,1.129999999999999
therapeutic communication,1.129999999999999
paint mixing and matching,1.129999999999999
adhesion and durability control,1.129999999999999
portfolio management,1.123333333333333
patient recovery,1.1199999999999992
healthcare information systems,1.1166666666666665
mathematical calculations and applications,1.1051282051282048
shop math and layout techniques,1.1051282051282048
visual concept development,1.0999999999999996
design element definition,1.0999999999999996
device testing,1.0949999999999998
food processing,1.0949999999999993
boat operation techniques,1.0946153846153837
utensil handling,1.0933333333333317
gemstone grading,1.0916666666666661
jewelry repair,1.088333333333333
engraving techniques,1.088333333333333
precision craftsmanship,1.088333333333333
jewelry design,1.088333333333333
evidence presentation,1.0749999999999995
employee communication,1.0699999999999998
typography selection,1.0699999999999998
sewing techniques,1.0649999999999997
literature review,1.0599999999999987
environmental reporting,1.0533333333333323
dance execution,1.0499999999999996
movement analysis,1.0499999999999996
dance production,1.0499999999999996
dance education,1.0499999999999996
physical proficiency,1.0499999999999996
surface smoothing,1.0499999999999992
communication planning,1.0449999999999997
aircraft maintenance,1.0426666666666664
compensation planning,1.0399999999999998
studio art therapy,1.0399999999999991
art supply management,1.0399999999999991
pat-down searches,1.0383333333333327
metal detector operation,1.0383333333333327
hand wanding,1.0383333333333327
chemical swab systems,1.0383333333333327
passenger monitoring,1.0383333333333327
explosive detection,1.0383333333333327
x-ray machine operation,1.0383333333333327
baggage inspection,1.0383333333333327
visual storytelling,1.0300000000000005
financial modeling,1.0249999999999995
coolant management,1.0216666666666658
impression evidence analysis,1.0199999999999996
blood stain pattern analysis,1.0199999999999996
footwear and tire track examination,1.0199999999999996
physical evidence analysis,1.0199999999999996
gunshot residue analysis,1.0199999999999996
complex systems design,1.0199999999999994
welcoming environment maintenance,1.018333333333333
direction giving,1.018333333333333
local knowledge,1.018333333333333
luggage handling,1.018333333333333
engine tuning,1.014999999999998
sheet metal repair,1.014999999999998
ecological health maintenance,1.005
timber appraisal,1.005
reforestation techniques,1.005
industry knowledge,0.9999999999999996
installation and maintenance,0.9979999999999998
complex calculations,0.9979999999999998
data compilation and reporting,0.9979999999999998
historical accuracy,0.9950000000000001
exhibit planning,0.9950000000000001
distribution planning,0.9933333333333332
clinical trial management,0.9899999999999997
research staff instructing,0.9899999999999997
subject screening,0.9899999999999997
study protocol development,0.9899999999999997
clinical study coordination,0.9899999999999997
energy procurement,0.9800000000000001
renewable energy systems,0.9800000000000001
energy management,0.9800000000000001
climate control systems,0.9800000000000001
hvac systems,0.9800000000000001
audio editing,0.9799999999999998
self advocacy,0.9799999999999993
customer presentation,0.9766666666666661
language development,0.9750000000000004
security policy development,0.9749999999999995
biological systems analysis,0.9699999999999998
field study,0.9699999999999998
human biobehavioral systems modeling,0.9699999999999998
medical diagnostic equipment design,0.9699999999999998
automotive engineering principles,0.9699999999999993
kitchen organization,0.9649999999999997
culinary creativity,0.9649999999999997
robotics maintenance,0.9649999999999995
vendor management,0.96
economic evaluation,0.96
mechanical aptitude,0.9599999999999996
music composition,0.9599999999999986
geological mapping,0.9499999999999996
health advocacy,0.9399999999999996
engine repair,0.9349999999999999
media relations,0.9349999999999995
physical comedy,0.9299999999999995
role development,0.9299999999999995
character interpretation,0.9299999999999995
emotional expression,0.9299999999999995
biomass feedstock assessment,0.9249999999999998
mathematical procedures,0.9233333333333326
physical properties testing,0.9233333333333326
transportation coordination,0.9216666666666662
energy auditing,0.9200000000000002
energy bill analysis,0.9200000000000002
door sweeps installation,0.9199999999999999
hvac system installation,0.9199999999999999
weather-stripping application,0.9199999999999999
combustion air management,0.9199999999999999
air flow system analysis,0.9199999999999999
caulking and glazing,0.9199999999999999
weatherization techniques,0.9199999999999999
physical conditioning,0.9199999999999998
user training,0.9183333333333327
mine design,0.9166666666666667
mitigation strategy development,0.9166666666666667
operational effectiveness assessment,0.9166666666666667
resource extraction planning,0.9166666666666667
employment policy development,0.9150000000000001
computer modeling,0.9100000000000001
benefits research,0.9049999999999999
sampling techniques,0.8999999999999995
mail sorting,0.8899999999999999
craft design,0.8850000000000005
craft production,0.8850000000000005
industrial hygiene research,0.8833333333333333
industrial process knowledge,0.8833333333333333
chemical knowledge,0.8833333333333333
psychological knowledge,0.8833333333333333
information provision,0.8833333333333331
wiring and cabling,0.8829999999999995
visual and auditory reception,0.8829999999999995
audiovisual technology,0.8829999999999995
technical diagram interpretation,0.8829999999999995
visual effects,0.8799999999999999
cell staining techniques,0.8799999999999999
surface inspection,0.8799999999999983
test procedure development,0.8769999999999991
mail delivery,0.8699999999999999
environmental cleaning,0.8683333333333331
furniture polishing,0.8683333333333331
business management,0.8683333333333326
suspect apprehension,0.8649999999999998
form completion,0.8649999999999995
animal tracking,0.8600000000000003
real estate law,0.8600000000000001
property marketing,0.8600000000000001
fabric selection,0.8599999999999999
community liaison,0.859999999999999
student guidance,0.8533333333333333
health screening,0.8500000000000002
human behavior analysis,0.8499999999999999
fashion show coordination,0.8499999999999996
hair presentation techniques,0.8499999999999996
visual media posing,0.8499999999999996
pattern matching,0.8499999999999993
security screening,0.8483333333333327
database design,0.844999999999999
contamination control,0.8433333333333334
metal properties,0.8433333333333333
product validation,0.8416666666666661
test protocol design,0.8416666666666661
construction coordination,0.8350000000000001
track inspection,0.835
ballast management,0.835
garment construction,0.8349999999999997
sustainability strategy execution,0.8333333333333326
seamless finishing techniques,0.8299999999999993
wallcovering installation,0.8299999999999993
wallpaper application techniques,0.8299999999999993
cooling system management,0.8299999999999993
ceiling and wall treatment,0.8299999999999993
component design,0.8290000000000002
computerized financial information access,0.825
check processing,0.825
general office duties,0.825
design creation,0.825
discrepancy reconciliation,0.825
voucher management,0.825
numerical data classification,0.825
accounting software operation,0.825
environmental hazard mitigation,0.8249999999999996
electrical hazard mitigation,0.8249999999999996
wiring verification,0.8249999999999996
current checking,0.8249999999999996
inverter programming,0.8249999999999996
photovoltaic system maintenance,0.8249999999999996
grounding and connections,0.8249999999999996
system testing and adjustment,0.8249999999999996
media production standards,0.8200000000000001
creative decision making,0.8200000000000001
storytelling techniques,0.8200000000000001
groove creation,0.8200000000000001
stone drilling,0.8200000000000001
video editing software operation,0.8200000000000001
library systems,0.8199999999999993
rhythm and tempo,0.8199999999999992
property valuation,0.8166666666666663
material requisitioning,0.8149999999999997
electrical component modification,0.8149999999999997
camera repair techniques,0.8149999999999997
camera disassembly,0.8149999999999997
lens system adjustment,0.8149999999999997
locomotive maintenance,0.81
sales territory management,0.8094444444444443
hydraulic systems,0.8059999999999998
pneumatic systems,0.8059999999999998
food analysis,0.7933333333333323
conformity assessment,0.7916666666666671
soil analysis,0.7899999999999999
garnish preparation,0.7899999999999998
bar management,0.7899999999999998
laboratory quality control,0.7899999999999998
drink recipes,0.7899999999999998
client empowerment,0.7899999999999996
environmental modification,0.7899999999999996
adaptive tool development,0.7899999999999996
admission verification,0.7833333333333332
accessibility assistance,0.7833333333333332
lost item recovery,0.7833333333333332
clinical operations management,0.7799999999999998
genetic education,0.7799999999999998
laboratory result interpretation,0.7799999999999998
data quality control,0.7733333333333314
tile installation,0.7633333333333319
leveling,0.7633333333333319
joint finishing,0.7633333333333319
mortar mixing,0.7633333333333319
rolling and forming techniques,0.761666666666666
diesel engine repair,0.7600000000000002
steering mechanism adjustment,0.7600000000000002
brake system inspection,0.7600000000000002
fuel injection system repair,0.7600000000000002
computer controlled exhaust emissions repair,0.7600000000000002
engine disassembly and rebuilding,0.7600000000000002
water sampling,0.7600000000000001
flood risk assessment,0.7600000000000001
stylistic consistency,0.76
space management,0.76
set design,0.76
content management,0.7516666666666663
financial calculation,0.75
visual merchandising,0.7499999999999998
mourner guidance,0.7499999999999997
processional management,0.7499999999999997
ceremonial protocol,0.7499999999999997
adjustment,0.7474999999999993
regulatory database management,0.7450000000000004
regulatory submission,0.7450000000000004
regulatory policy development,0.7450000000000004
regulatory risk management,0.7450000000000004
product recall coordination,0.7450000000000004
regulatory procedure development,0.7450000000000004
relationship building,0.7449999999999997
power generation,0.7399999999999998
sanding,0.7399999999999989
pet care advice,0.7383333333333328
vertical alignment,0.7350000000000001
brick laying techniques,0.7350000000000001
corner construction,0.7350000000000001
course laying,0.7350000000000001
shipping documentation,0.7349999999999999
mail handling,0.7333333333333332
heavy lifting operations,0.7283333333333335
cargo inspection techniques,0.725
inspection reporting,0.725
loading procedures,0.725
broadcast monitoring,0.7214285714285713
hydrologic studies,0.7200000000000001
advertising strategy development,0.7199999999999998
bidding process coordination,0.7199999999999998
client relationship management,0.7199999999999998
new market identification,0.7199999999999998
meter reading,0.716666666666666
address management,0.7149999999999999
package handling,0.7149999999999999
walking navigation,0.7149999999999999
failure analysis,0.7129999999999992
wiring diagrams,0.7100000000000004
containment techniques,0.7066666666666669
environmental safety protocols,0.7066666666666669
material estimation,0.705
health literacy,0.7
learning support,0.7
holistic student development,0.7
cell culture techniques,0.7
primary care procedures,0.6999999999999998
musculoskeletal diagnosis,0.6999999999999996
network troubleshooting,0.698333333333333
accounting standards,0.6949999999999998
financial objectives,0.6949999999999998
tax return preparation,0.6949999999999996
data review,0.6949999999999996
client advice,0.6949999999999996
service fee calculation,0.6949999999999996
background investigations,0.6949999999999993
higher education,0.6933333333333331
encumbrance assessment,0.6899999999999994
property ownership verification,0.6899999999999994
map interpretation,0.6899999999999994
document analysis,0.6899999999999994
title research,0.6899999999999994
restriction identification,0.6899999999999994
land record management,0.6899999999999994
wildlife behavior study,0.6866666666666661
electrical safety procedures,0.6829999999999994
electrical code compliance,0.6829999999999994
worksite safety management,0.6829999999999994
visual representation,0.6800000000000002
signal strength testing,0.6799999999999999
audio recording,0.6799999999999995
fact investigation,0.6749999999999992
trial preparation,0.6749999999999992
legal precedent analysis,0.6749999999999992
buttonhole creation,0.6699999999999999
garment repair,0.6699999999999999
hemming skills,0.6699999999999999
fitting techniques,0.6699999999999999
tailoring skills,0.6699999999999999
civil engineering,0.6699999999999995
wastewater management,0.666666666666666
government relations,0.6633333333333327
childcare program development,0.6599999999999999
template creation,0.6533333333333328
oral surgery,0.6525000000000001
pattern reading,0.6501282051282037
adjusting machine controls,0.6501282051282037
energy analysis,0.65
student instruction,0.6499999999999995
labor requirements,0.6466666666666666
regulatory advice,0.6450000000000002
aseptic techniques,0.6400000000000001
grounding system installation,0.6399999999999999
antenna mounting and alignment,0.6399999999999999
network coverage analysis,0.6399999999999999
course planning,0.6399999999999999
tower transmission component installation,0.6399999999999999
settlement negotiation,0.6399999999999997
social awareness,0.6349999999999993
circulatory system management,0.6324999999999995
cosmetic restoration,0.6324999999999995
embalming techniques,0.6324999999999995
pallbearer duties,0.6324999999999995
restorative surgery,0.6324999999999995
preservation fluid handling,0.6324999999999995
casket arrangement,0.6324999999999995
climate analysis,0.6300000000000001
adhesion promotion,0.6299999999999999
visual impairment assessment,0.6299999999999997
mobility device training,0.6299999999999997
sensory information utilization,0.6299999999999997
assessment and planning,0.6299999999999997
independent travel techniques,0.6299999999999997
travel instruction,0.6299999999999997
fundraising strategies,0.6233333333333329
technical investigation,0.6199999999999999
conceptual design,0.6199999999999999
material joining,0.6149999999999985
product construction,0.6149999999999985
leather working techniques,0.6149999999999985
sewing machine operation,0.6149999999999985
pattern cutting,0.6149999999999985
forecasting,0.6133333333333332
funeral planning,0.6124999999999995
veterinary care coordination,0.6116666666666666
animal identification,0.6116666666666666
genetics knowledge,0.6116666666666666
enclosure maintenance,0.6116666666666666
public interaction,0.6099999999999999
cellular component identification,0.6099999999999999
traffic speed measurement,0.6099999999999999
microscopic techniques,0.6099999999999999
traffic volume measurement,0.6099999999999999
signal effectiveness assessment,0.6099999999999999
lighting adequacy assessment,0.6099999999999999
visual aid creation,0.6099999999999999
speech analysis,0.6099999999999999
mechanical systems installation,0.606666666666666
soil conservation,0.606666666666666
counterweight installation,0.606666666666666
safety controls adjustment,0.606666666666666
massage techniques,0.6049999999999998
compaction techniques,0.6049999999999995
account management,0.6033333333333329
dietary accommodation,0.6024999999999995
spatial analysis,0.6016666666666662
product integrity,0.6016666666666657
fat removal techniques,0.6016666666666657
labeling and packaging,0.6016666666666657
weight measurement,0.6016666666666657
head count management,0.5999999999999999
prisoner record keeping,0.5999999999999999
discipline maintenance,0.5999999999999999
contraband detection,0.5999999999999999
prisoner behavior monitoring,0.5999999999999999
physical force management,0.5999999999999999
lock and gate inspection,0.5999999999999999
merchandise evaluation,0.5999999999999994
product introduction,0.5999999999999994
user experience design,0.5900000000000001
solution development,0.5900000000000001
partnership building,0.5833333333333333
institutional development,0.5833333333333333
user interface design,0.5800000000000001
workplace design,0.5800000000000001
human factors engineering,0.5800000000000001
human machine interface design,0.5800000000000001
ergonomics,0.5800000000000001
frame assembly,0.5799999999999996
lens alignment,0.5799999999999996
lens inspection methods,0.5799999999999996
optical element shaping,0.5799999999999996
lens quality control,0.5799999999999996
precision lens polishing,0.5799999999999996
optical element assembly,0.5799999999999996
optical element coating,0.5799999999999996
lens cleaning procedures,0.5799999999999996
lens mounting techniques,0.5799999999999996
programming and installation,0.578999999999999
mechanical systems troubleshooting,0.578999999999999
background research,0.5749999999999993
reintegration planning,0.5749999999999993
offender assessment,0.5749999999999993
probation and parole management,0.5749999999999993
electromechanical design,0.573999999999999
vessel traffic management,0.5699999999999998
theme development,0.5699999999999998
traffic signal operation,0.5699999999999998
exercise program development,0.5699999999999997
usability testing,0.5666666666666663
dimensional accuracy,0.5633333333333334
quantitative methods,0.5633333333333329
purchasing procedures,0.56
paper handling techniques,0.5599999999999999
plate securing methods,0.5599999999999999
feed control systems,0.5599999999999999
ink flow management,0.5599999999999999
continuing education,0.5599999999999994
conducting techniques,0.5599999999999993
tonal balance,0.5599999999999993
music theory,0.5599999999999993
musical arrangement,0.5599999999999993
instrumental direction,0.5599999999999993
vocal direction,0.5599999999999993
harmony and melody,0.5599999999999993
rust removal,0.5599999999999992
note taking skills,0.559999999999998
diversity awareness,0.559999999999998
study skills,0.559999999999998
motivational techniques,0.559999999999998
engine component analysis,0.5554545454545454
mechanical system adjustment,0.5554545454545454
instrument usage,0.5549999999999999
glass shaping techniques,0.5549999999999999
dimensional measurement,0.5549999999999985
infection treatment,0.5525
facial reconstruction,0.5525
facial trauma management,0.5525
bone and gum tissue regeneration,0.5525
dental implant preparation,0.5525
public presentation,0.55
design calculations,0.55
environmental auditing,0.5499999999999997
scientific guidance,0.5499999999999997
medical analysis,0.5499999999999995
material application,0.549999999999999
weather analysis,0.5399999999999996
data logging,0.5399999999999995
resource exploration,0.5399999999999995
drill cuttings analysis,0.5399999999999995
well logging,0.5399999999999995
labor negotiation,0.5383333333333332
campaign team management,0.533333333333333
media selection,0.533333333333333
advertising campaign planning,0.533333333333333
media coordination,0.533333333333333
bookkeeping,0.5316666666666657
display maintenance,0.5299999999999999
color scheme selection,0.5299999999999999
lighting planning,0.5299999999999999
product arrangement,0.5299999999999999
equipment adjustment,0.5299999999999998
natural resource management,0.5299999999999997
gis analysis,0.5299999999999997
wood surface treatment,0.5299999999999991
edge treatment,0.5299999999999991
floor finishing,0.5299999999999991
air quality control,0.5283333333333321
preservation methods,0.5249999999999999
patron services,0.5249999999999998
circuit board layouts,0.5200000000000004
assembly drawings,0.5200000000000004
toxicity reduction,0.5199999999999998
collection management,0.5199999999999996
metal tempering,0.5166666666666663
digital resource utilization,0.5149999999999998
content writing,0.5149999999999998
binding techniques,0.5149999999999998
reference checking,0.5149999999999998
textual integrity,0.5149999999999998
spelling correction,0.5149999999999998
manuscript review,0.5149999999999998
punctuation techniques,0.5149999999999998
textual accuracy,0.5149999999999998
composition standards,0.5149999999999998
alternative communication devices,0.5100000000000002
pathology reporting,0.5099999999999996
fabrication skills,0.5099999999999993
document security,0.5066666666666664
bulk material handling,0.5066666666666664
product flow management,0.5066666666666664
vessel operation,0.5050000000000004
committee work,0.5033333333333334
natural disaster risk assessment,0.5
geophysical information analysis,0.5
gravity measurement,0.5
mineral identification,0.5
magnetic field measurement,0.5
rock classification,0.5
generator repair,0.5
geochemical analysis,0.5
fossil analysis,0.5
repairing complex systems,0.5
propeller maintenance,0.5
diagnostic skills,0.5
import export regulations,0.4999999999999999
customs documentation,0.4999999999999999
duty and tax calculation,0.4999999999999999
machine learning,0.4999999999999998
proteomics,0.4999999999999998
spinal adjustment,0.4999999999999997
x-ray interpretation,0.4999999999999997
support device recommendation,0.4999999999999997
musculoskeletal system correction,0.4999999999999997
flight operations,0.4999999999999997
cabin management,0.4999999999999997
classification taxonomies,0.49666666666666637
content accessibility,0.49666666666666637
revision control,0.49666666666666637
earth moving,0.4933333333333327
studio management,0.4914285714285712
technical training,0.4914285714285712
audio production,0.4914285714285712
glass replacement,0.49
spatial data interpretation,0.48999999999999966
hydrogen fuel cell systems,0.48499999999999943
statistical software,0.48499999999999943
energy storage,0.48499999999999943
electrochemical diagnostics,0.48499999999999943
fuel cell design,0.48499999999999943
power electronics,0.48499999999999943
electric drive systems,0.48499999999999943
patient positioning,0.4849999999999993
volunteer management,0.4833333333333333
event scheduling,0.4833333333333333
mathematical formulas,0.4800000000000001
assembly layout,0.4800000000000001
special education strategies,0.48000000000000004
memory skills development,0.48000000000000004
classroom preparation,0.48000000000000004
therapeutic regimens,0.48000000000000004
sensory-motor skills development,0.48000000000000004
student monitoring,0.48000000000000004
technical assistance,0.4799999999999998
personal development counseling,0.4799999999999995
independent living skills,0.4799999999999995
bathing assistance,0.4799999999999994
light housekeeping,0.4799999999999994
load management,0.47878787878787843
sales strategy development,0.47666666666666674
cart management,0.476666666666666
supply replenishment,0.476666666666666
window cleaning,0.476666666666666
toiletries replenishment,0.476666666666666
food quality control,0.4766666666666659
automotive repair techniques,0.47545454545454546
historical research,0.47500000000000003
public opinion analysis,0.4749999999999999
observation techniques,0.47333333333333344
oversight and security,0.47333333333333344
video review,0.47333333333333344
control systems,0.4700000000000001
nutrition and conditioning advice,0.47
athlete rehabilitation,0.47
athlete safety inspection,0.47
musculoskeletal injury evaluation,0.47
athlete equipment use advice,0.47
lost and found management,0.47
athlete participation clearance,0.47
therapeutic care,0.47
athlete health and wellness,0.47
athletic training room maintenance,0.47
reliability analysis,0.4699999999999999
reporting,0.4699999999999999
microelectromechanical systems design,0.4699999999999999
yield improvement,0.4699999999999999
process control checklists,0.4699999999999999
scientific literacy,0.46999999999999986
event participation,0.4699999999999996
athletic performance,0.4699999999999996
content creation,0.46999999999999953
point of sale,0.4685
cardiopulmonary resuscitation,0.46749999999999914
anesthesia delivery system calibration,0.46749999999999914
operating room supply management,0.46749999999999914
speech writing,0.4649999999999999
public image management,0.4649999999999999
persuasive communication,0.4649999999999999
content distribution,0.4649999999999999
social media management,0.4649999999999999
plastic panel repair,0.46
frame straightening,0.46
panel removal,0.46
composite material restoration,0.46
paint application,0.46
security system installation,0.45999999999999996
process design,0.4599999999999999
evidence-based practice,0.45999999999999985
nursing leadership,0.45999999999999985
social perception,0.45999999999999974
debt negotiation,0.45999999999999974
feed rate adjustment,0.4558333333333325
economic analysis,0.45499999999999996
pattern record keeping,0.4533333333333328
wood selection,0.4533333333333328
jig building,0.4533333333333328
building regulations,0.4499999999999995
material mixing,0.4449999999999994
abrasive tool selection,0.4449999999999987
operational analysis,0.43999999999999995
tree trimming,0.43999999999999995
circulation management,0.43999999999999956
consistency monitoring,0.43499999999999994
analytical techniques,0.43499999999999944
materials testing,0.43499999999999944
stone placement,0.4333333333333329
discipline enforcement,0.43000000000000016
educational leadership,0.43000000000000016
user education,0.4299999999999999
detonation techniques,0.4299999999999998
explosives handling,0.4299999999999998
blast site preparation,0.4299999999999998
independence training,0.4299999999999996
research participation,0.4299999999999994
restroom maintenance,0.42833333333333345
glass cleaning,0.42833333333333345
floor cleaning techniques,0.42833333333333345
cargo insurance,0.4249999999999998
sorting techniques,0.4216666666666668
derivative valuation,0.42
securities trading,0.42
asset optimization,0.42
financial research,0.42
medical information analysis,0.41999999999999993
swallowing disorders,0.41999999999999993
voice disorders,0.41999999999999993
fluency disorders,0.41999999999999993
spiritual guidance,0.41999999999999965
moral guidance,0.41999999999999965
religious education,0.41999999999999965
interfaith relations,0.41999999999999965
site monitoring,0.4199999999999992
audio equipment setup,0.4149999999999999
timely delivery,0.4133333333333331
material movement,0.4133333333333331
waste treatment and remediation,0.4099999999999998
quality judgment,0.40999999999999975
texture creation,0.40999999999999975
cost management,0.4099999999999997
animal specimen examination,0.4049999999999996
disease resistance enhancement,0.4049999999999996
creative problem solving,0.4000000000000008
educational technology,0.39999999999999997
production coordination,0.39999999999999997
dosage calculation,0.3999999999999999
media promotion,0.39999999999999947
instrumental skills,0.39999999999999947
musical adaptability,0.39999999999999947
rehearsal techniques,0.39999999999999947
audience engagement,0.39999999999999947
music education,0.39999999999999947
stage presence,0.39999999999999947
physical security,0.3966666666666666
program knowledge,0.395
data architecture,0.39166666666666616
solar system design,0.39
population health management,0.3899999999999999
community health improvement,0.3899999999999999
health surveillance,0.3899999999999999
financial goal setting,0.38999999999999985
visual system analysis,0.3899999999999997
laundry,0.38999999999999957
control board management,0.38999999999999946
operational data management,0.38999999999999946
switching order preparation,0.38999999999999946
power distribution,0.38999999999999946
energy scheduling,0.38999999999999946
equipment positioning,0.38499999999999923
field operations,0.38000000000000006
oil and gas recovery,0.38000000000000006
project evaluation,0.37999999999999984
user support,0.375
pedestrian management,0.3749999999999997
education research,0.37
route familiarity,0.37
special needs accommodation,0.37
itinerary development,0.37
destination knowledge,0.37
radioisotope equipment operation,0.36999999999999983
technology integration,0.36999999999999983
radiopharmaceutical administration,0.36999999999999983
family support,0.36999999999999955
technical specifications evaluation,0.3649999999999999
hazardous substance removal,0.3633333333333333
material sorting,0.3633333333333333
dismantling techniques,0.3633333333333333
education policy,0.3599999999999999
thickness measurement,0.3599999999999998
procurement,0.3599999999999997
algorithm development,0.35999999999999943
data extraction,0.3516666666666661
business rule implementation,0.3516666666666661
data transformation,0.3516666666666661
data loading,0.3516666666666661
data documentation,0.3516666666666661
metadata management,0.3516666666666661
field observation,0.3500000000000002
spill prevention,0.3500000000000002
test solution preparation,0.35000000000000003
spectrophotometry,0.35000000000000003
chromatography techniques,0.35000000000000003
analytical chemistry,0.35000000000000003
musicality,0.35
costume design,0.35
physical awareness,0.35
nano-enabled product design,0.3499999999999999
rigorous testing,0.3499999999999999
molecular physics,0.3499999999999999
advanced design software,0.3499999999999999
nanoscale materials synthesis,0.3499999999999999
recipe development,0.34999999999999976
policy and regulation advising,0.3399999999999999
employee insurance management,0.3399999999999999
federal and state law compliance,0.3399999999999999
research application,0.3399999999999999
collaboration with external providers,0.3399999999999999
pension program management,0.3399999999999999
employee remuneration analysis,0.3399999999999999
workplace practice improvement,0.3399999999999999
cellular biology,0.3399999999999998
biofuels research,0.3380952380952379
font and graphic management,0.33
nuclear energy management,0.33
image and text proofreading,0.33
nuclear safety protocols,0.33
nuclear fuel cycle management,0.33
printing plate production,0.33
digital content preparation,0.33
vulnerability assessment,0.32999999999999996
computational biology,0.3299999999999999
bioinformatics,0.3299999999999999
molecular biology,0.3299999999999999
coaching techniques,0.3299999999999997
error detection,0.32499999999999996
fact verification,0.32499999999999973
text rewriting,0.32499999999999973
content development,0.32499999999999973
grammar correction,0.32499999999999973
writing style improvement,0.32499999999999973
editing techniques,0.32499999999999973
publication planning,0.32499999999999973
content supervision,0.32499999999999973
manuscript evaluation,0.32499999999999973
readability enhancement,0.32499999999999973
heating process management,0.3249999999999995
adoption facilitation,0.32000000000000006
animal welfare knowledge,0.32000000000000006
drawing and mapping,0.32000000000000006
computer-assisted drafting,0.32000000000000006
rapport building,0.32
treatment outcome analysis,0.32
music therapy planning,0.32
troubleshooting manufacturing issues,0.31999999999999995
biological science knowledge,0.31999999999999995
sustainable manufacturing technologies,0.31999999999999995
lean manufacturing techniques,0.31999999999999995
technical expertise,0.3199999999999999
feedback and support,0.3199999999999999
public access policy,0.31999999999999973
english language instruction,0.31999999999999906
trapping methods,0.3150000000000005
marine life handling,0.3150000000000005
competitor analysis,0.3144444444444443
oven temperature control,0.3116666666666659
decorating techniques,0.3116666666666659
dough preparation,0.3116666666666659
baking techniques,0.3116666666666659
batter preparation,0.3116666666666659
material processing,0.31000000000000055
physiological data analysis,0.31000000000000005
visual content creation,0.31
court representation,0.30999999999999994
textile knowledge,0.30999999999999994
classroom discussion facilitation,0.30999999999999994
fashion trend analysis,0.30999999999999994
crop rotation,0.30999999999999994
project monitoring,0.30999999999999994
underwater operations,0.30999999999999983
dive planning,0.30999999999999983
environmental awareness,0.30999999999999983
marine life observation,0.30999999999999983
climate change research,0.30999999999999983
climate change mitigation,0.30999999999999983
fiscal planning,0.3099999999999997
budget compliance,0.3099999999999997
profitability analysis,0.3099999999999997
construction safety,0.3099999999999994
radiation detection,0.3066666666666664
decontamination procedures,0.3066666666666664
protective gear usage,0.3066666666666664
learning theories,0.30000000000000004
nervous system function evaluation,0.30000000000000004
neurological disorder diagnosis,0.30000000000000004
electrode placement techniques,0.30000000000000004
medical information collection,0.30000000000000004
sleep disorder diagnosis,0.30000000000000004
brain activity monitoring,0.30000000000000004
fire investigation reporting,0.2999999999999997
electrical system diagnosis,0.2979999999999997
key fabrication,0.29
key system design,0.29
lock configuration management,0.29
lock mechanism analysis,0.29
emergency access procedures,0.29
locksmithing techniques,0.29
lock adjusting,0.29
master key system management,0.29
safe repair,0.29
lock repair,0.29
museum collection management,0.2899999999999998
fieldwork experience,0.2899999999999998
object conservation,0.2899999999999998
artifacts preparation,0.2899999999999998
exhibition installation,0.2899999999999998
supervisory skills,0.2899999999999998
obstacle navigation,0.2899999999999997
team direction,0.2899999999999997
transportation preparation,0.2899999999999997
rigging system setup,0.2899999999999997
equipment anchoring,0.2899999999999997
survey design,0.28999999999999926
relaxation techniques,0.2849999999999998
joint function evaluation,0.2849999999999998
posture guidance,0.2849999999999998
soft tissue analysis,0.2849999999999998
muscle strength assessment,0.2849999999999998
service coordination,0.2849999999999997
placement support,0.2849999999999997
tool sharpening,0.2833333333333331
aesthetic design,0.28
business planning,0.28
marketing materials design,0.2799999999999999
talent evaluation,0.2799999999999998
nutrition and hydration education,0.2799999999999998
physical fitness assessment,0.2799999999999998
athlete evaluation,0.2799999999999998
client representation,0.2799999999999998
cycle management,0.2799999999999996
electrodiagnosis,0.2799999999999994
assistive device prescription,0.2799999999999994
treatment monitoring,0.2799999999999994
therapy prescription,0.2799999999999994
sorting and routing,0.275
freight tracking,0.2749999999999999
delivery notification,0.2749999999999999
financial estimation,0.2749999999999999
transcription techniques,0.2749999999999998
concrete finishing,0.2749999999999992
network integration,0.27
network equipment configuration,0.27
component adjustment,0.27
engine dismantling,0.27
motorcycle repair techniques,0.27
transmission repair,0.27
ignition system repair,0.27
brake repair,0.27
tissue preparation,0.27
moxibustion,0.2699999999999999
acupuncture techniques,0.2699999999999999
heat and cold therapy,0.2699999999999999
herbal medicine,0.2699999999999999
acupressure,0.2699999999999999
fire detection systems,0.2699999999999998
substance flow analysis,0.2699999999999998
alternative energy scenarios,0.2699999999999998
cyclical system design,0.2699999999999998
eco-industrial practices,0.2699999999999998
environmental forecasting,0.2699999999999998
environmental database management,0.2699999999999998
precision cutting,0.26833333333333237
specimen collection,0.26750000000000035
radio broadcasting,0.2649999999999999
train scheduling,0.26499999999999957
travel information,0.26333333333333314
investigative coordination,0.26
employee benefit research,0.26
prescription preparation,0.26
pharmacy operations,0.26
patient data entry,0.26
fraud detection,0.26
dental prosthetics,0.26
loss investigation,0.2599999999999999
loss prevention strategies,0.2599999999999999
data distribution,0.2599999999999999
thermal equipment repair,0.2599999999999999
mentoring,0.2599999999999999
coordinate calculation,0.2599999999999999
technological advancements,0.2599999999999999
survey data collection,0.2599999999999999
pre-operative care,0.2599999999999998
wildland firefighting training,0.2599999999999997
forest use regulations enforcement,0.2599999999999997
campsite inspection,0.2599999999999997
firefighting equipment maintenance,0.2599999999999997
fire hazard identification,0.2599999999999997
corrective lens prescription,0.2599999999999997
forest tract inspection,0.2599999999999997
market condition updates,0.2599999999999997
trading practices,0.2599999999999997
investment advice,0.2599999999999997
market terms explanation,0.2599999999999997
correspondence management,0.25999999999999956
compact earth fills,0.2574999999999998
grade specifications,0.2574999999999998
screed temperatures,0.2574999999999998
finished road materials,0.2574999999999998
material distribution,0.2574999999999998
asphalt flow rates,0.2574999999999998
equipment setup and teardown,0.2574999999999998
media planning,0.2549999999999999
broadcast content development,0.2549999999999999
content evaluation,0.2549999999999999
structural support,0.2549999999999998
refueling and maintenance,0.2549999999999998
pre-operational checks,0.2549999999999998
foundation installation,0.2549999999999998
piling installation,0.2549999999999998
security training,0.25
security documentation,0.25
cleaning agent regulation,0.2499999999999999
wrapping techniques,0.2499999999999999
article identification,0.2499999999999999
article folding,0.2499999999999999
filter cleaning,0.2499999999999999
hanging techniques,0.2499999999999999
textile examination,0.2499999999999999
code marking,0.2499999999999999
article counting,0.2499999999999999
site selection,0.2499999999999999
tree assessment,0.2499999999999999
directional control,0.2499999999999999
physical education,0.2499999999999996
worksite preparation,0.24878787878787859
team guidance,0.24878787878787859
aviation technology,0.2466666666666667
airworthiness certification,0.2466666666666667
template fabrication,0.2449999999999999
seam placement,0.2449999999999997
cement removal,0.2449999999999997
guideline measurement,0.2449999999999997
floor covering installation,0.2449999999999997
foundation smoothing,0.2449999999999997
appliance removal,0.2449999999999997
deposit management,0.24
discrepancy resolution,0.24
account verification,0.24
currency counting,0.24
search and rescue,0.2399999999999999
technical leadership,0.23999999999999977
proposal presentation,0.23999999999999977
design review,0.23999999999999977
neuroimaging interpretation,0.2399999999999997
neurological examination,0.2399999999999997
neurological service coordination,0.2399999999999997
brain death determination,0.2399999999999997
string adjustment,0.2399999999999997
instrument reassembly,0.2399999999999997
sound quality evaluation,0.2399999999999997
mechanism expertise,0.2399999999999997
instrument disassembly,0.2399999999999997
tuning instruments,0.2399999999999997
instrument repair techniques,0.2399999999999997
corrosion control,0.23999999999999969
electrical engineering principles,0.2359999999999996
electronics assembly,0.2359999999999996
design refinement,0.23500000000000032
historical interpretation,0.23500000000000001
oral history recording,0.23500000000000001
authenticity evaluation,0.23500000000000001
pattern optimization,0.2349999999999997
architectural design,0.23
programming substitution,0.23
signal strength adjustment,0.23
audio signal adjustment,0.23
broadcast equipment operation,0.23
broadcast transmission control,0.23
transmission equipment operation,0.23
mediation skills,0.2299999999999999
court presentation,0.2299999999999999
claim settlement,0.2299999999999999
air traffic control,0.2299999999999999
flight planning,0.2299999999999999
property boundary determination,0.2299999999999998
aerial survey conducting,0.2299999999999998
land feature analysis,0.2299999999999998
electronic data processing,0.2299999999999998
survey instrument calibration,0.2299999999999998
geodetic measurements,0.2299999999999998
photogrammetric map compilation,0.2299999999999998
scale and projection determination,0.2299999999999997
division strip installation,0.2299999999999997
map accuracy evaluation,0.2299999999999997
grinding and polishing,0.2299999999999997
terrazzo application,0.2299999999999997
boundary establishment,0.2299999999999997
decorative element embedding,0.2299999999999997
computer graphics expertise,0.2299999999999997
aircraft assembly,0.2299999999999995
critical analysis,0.22499999999999992
ethnographic fieldwork,0.22000000000000003
anthropological theory,0.22000000000000003
product research,0.22
product description writing,0.22
green building practices,0.22
avionics equipment installation,0.21999999999999997
facial measurement techniques,0.21999999999999992
sales tracking,0.21999999999999992
optical prescription analysis,0.21999999999999992
contact lens care,0.21999999999999992
frame selection,0.21999999999999992
eyewear design,0.21999999999999992
lens fabrication,0.21999999999999992
hydroelectric plant operations,0.21999999999999992
lens grinding,0.21999999999999992
medical abbreviation translation,0.2199999999999999
durability assessment,0.21999999999999986
high ceiling work,0.21999999999999986
texturizing compound application,0.21999999999999986
countersinking,0.21999999999999986
cementing material application,0.21999999999999986
tape embedding,0.21999999999999986
environmental modeling,0.2199999999999998
bitmap editing,0.2199999999999998
typeface management,0.2199999999999998
airbrushing,0.2199999999999998
digital asset management,0.2199999999999998
color management,0.2199999999999998
image retouching,0.2199999999999998
ecological knowledge,0.2199999999999998
color separation,0.2199999999999998
masking,0.2199999999999998
restoration planning,0.2199999999999998
project scheduling,0.2199999999999998
nutrition education,0.2149999999999999
network design,0.213333333333333
business education,0.21
track assembly,0.2099999999999999
visual hygiene education,0.2099999999999999
vision therapy,0.2099999999999999
foreign object removal,0.2099999999999999
door frame installation,0.2099999999999999
electric door opener installation,0.2099999999999999
mechanical door repair,0.2099999999999999
automated door systems installation,0.2099999999999999
custom enclosure construction,0.2099999999999999
interior design,0.2099999999999999
navigation system installation,0.2099999999999999
electrical system inspection,0.2099999999999999
wiring and soldering,0.2099999999999999
security breach investigation,0.20999999999999988
facility examination,0.20999999999999988
pedagogy,0.2099999999999998
animal training techniques,0.2083333333333332
human animal interaction,0.2083333333333332
conditioning animals,0.2083333333333332
educational program development,0.20499999999999993
scientific communication,0.2049999999999999
spelling and grammar,0.2049999999999997
donor relationship building,0.2033333333333332
spray gun operation,0.2033333333333331
sample examination,0.2000000000000004
core formation,0.2
pattern removal techniques,0.2
crane operation,0.2
parting agent application,0.2
mold section alignment,0.2
mold surface repair,0.2
core box maintenance,0.2
pattern positioning,0.2
heavy component movement,0.2
feedstock evaluation,0.1966666666666666
flow meter calibration,0.1966666666666666
system modeling,0.1966666666666664
system scalability,0.1966666666666664
job analysis,0.195
labor law,0.195
personal finance,0.19499999999999992
social advocacy,0.19499999999999992
production issue resolution,0.19499999999999992
agricultural systems design,0.19499999999999978
power distribution systems,0.19499999999999978
crop storage planning,0.19499999999999978
land reclamation planning,0.19499999999999978
agricultural machinery design,0.19499999999999978
message recording,0.1933333333333329
upholstery repair,0.19
pattern adherence,0.19
circuit breaker installation,0.19
switch installation,0.19
cable laying,0.19
pole erection,0.19
academic governance,0.19
power line inspection,0.19
transformer installation,0.19
edge alignment,0.19
thread trimming,0.19
wood refinishing,0.19
mail examination,0.19
needle preparation,0.19
hand-eye coordination,0.19
thread selection,0.19
component measurement,0.19
upholstery techniques,0.19
custom furniture creation,0.19
spring replacement,0.19
loose fiber stuffing,0.19
webbing adjustment,0.19
measuring and cutting,0.19
requirements analysis,0.18999999999999992
boarding assistance,0.18999999999999992
seating arrangements,0.18999999999999992
engine performance monitoring,0.1899999999999999
software installation,0.1899999999999998
scientific paper presentation,0.1899999999999997
eye movement analysis,0.1899999999999997
vision screening,0.1899999999999997
clinical method training,0.1899999999999997
binocular vision techniques,0.1899999999999997
adult education,0.18999999999999917
literacy training,0.18999999999999917
solvent handling,0.18833333333333319
technical analysis,0.1849999999999998
microscopy techniques,0.18
pathological condition detection,0.18
genetic nomenclature,0.18
chromosome banding,0.18
acrylic paste mixing,0.18
framework assembly,0.18
cellular analysis,0.18
model evaluation,0.18
chromosome analysis,0.18
genetic disease diagnosis,0.18
laboratory information systems,0.18
histology techniques,0.18
chromosome imaging,0.18
patient data documentation,0.18
hormonal imbalance detection,0.18
porcelain handling,0.18
audio synchronization,0.17999999999999988
digital audio conversion,0.17999999999999988
audio quality control,0.17999999999999988
audio troubleshooting,0.17999999999999988
audio mixing,0.17999999999999988
organizational development,0.17999999999999972
substance abuse prevention,0.1799999999999996
mold assembly,0.17499999999999982
personal growth,0.1749999999999996
facial treatments,0.17
product selection,0.17
skin care regimens,0.17
tinting and coloring,0.17
site assessment,0.16999999999999998
posthole digging,0.16999999999999998
pressure vessel inspection,0.16999999999999998
technical sales,0.16999999999999998
fence repair,0.16999999999999998
concrete work,0.16999999999999998
ground preparation,0.16999999999999998
gating installation,0.16999999999999998
plate shaping techniques,0.16999999999999998
organizational goal alignment,0.1699999999999999
employee skills enhancement,0.1699999999999999
data integrity,0.1699999999999999
microorganism identification,0.1699999999999999
instructor performance assessment,0.1699999999999999
application assistance,0.1699999999999999
structural determination,0.1699999999999999
molecular analysis,0.1699999999999999
public health research,0.1699999999999999
medical principle teaching,0.1699999999999999
safety valve maintenance,0.16999999999999982
regulator installation,0.16999999999999982
valve repair,0.16999999999999982
book maintenance,0.1699999999999998
patron registration,0.1699999999999998
expense management,0.1699999999999996
legal terminology application,0.1699999999999996
telephone communication,0.1699999999999996
information gathering,0.1699999999999996
case file management,0.1699999999999996
document distribution,0.1699999999999996
office memo drafting,0.1699999999999996
billing management,0.1699999999999996
product testing,0.1649999999999999
directory navigation,0.163333333333333
switchboard operation,0.163333333333333
special assistance,0.163333333333333
genetic laboratory techniques,0.16
computational skills,0.16
urban planning,0.16
exercise planning,0.16
program adaptation,0.16
lifestyle education,0.16
corrective measures,0.16
genetic principle instruction,0.16
genetic research design,0.16
repayment scheduling,0.16
loan approval,0.16
material separation,0.1566666666666663
mail transfer,0.155
quality control policy formulation,0.155
mail addressing,0.155
mail quality control,0.155
mail routing,0.155
mail postage affixation,0.155
mail collection,0.155
lawn maintenance,0.15000000000000002
sod laying,0.15000000000000002
gardening techniques,0.15000000000000002
weeding and mulching,0.15000000000000002
value forecasting,0.1499999999999999
comparable property analysis,0.1499999999999999
data research,0.1499999999999999
physical property documentation,0.1499999999999999
hair styling,0.14999999999999972
weight estimation,0.1466666666666668
critical judgment,0.1466666666666668
container management,0.1466666666666668
nursing informatics,0.1466666666666666
health information technology,0.1466666666666666
informatics solutions development,0.1466666666666666
patient information security,0.1466666666666666
fiberglass handling,0.1449999999999998
visual examination,0.1449999999999998
resin application,0.1449999999999998
wrinkle elimination,0.1449999999999998
air bubble removal,0.1449999999999998
office software,0.14333333333333298
sustainable regeneration,0.1433333333333329
emergency shutdown procedures,0.1414285714285713
environmental protocols management,0.1414285714285713
performance standards development,0.14
cable splicing,0.14
technical innovation,0.14
logical analysis,0.14
employee orientation,0.13999999999999999
firewall configuration,0.1399999999999999
data encryption,0.1399999999999999
traumatic brain injury support,0.13999999999999968
disability accommodation,0.13999999999999968
gross motor skills development,0.13999999999999968
sports and game achievement,0.13999999999999968
perceptual motor skills,0.13999999999999968
orthopedic impairment support,0.13999999999999968
autism support,0.13999999999999968
confidentiality maintenance,0.13999999999999968
individualized instruction,0.13999999999999968
sterile field maintenance,0.13750000000000032
conveyor operation,0.13671568627450958
speed control,0.1366666666666666
maintenance skills,0.1366666666666666
story organization,0.135
editorial standards,0.135
news research techniques,0.135
writing for different mediums,0.135
proofreading techniques,0.1349999999999996
guest accommodation,0.1333333333333332
word processing,0.13
web analytics,0.13
electronic mail systems,0.13
land improvement design,0.1299999999999999
educational activities,0.1299999999999999
range planning,0.1299999999999999
audience adaptation,0.1299999999999999
commentary development,0.1299999999999999
plan adaptation,0.1299999999999999
direction provision,0.1299999999999999
site knowledge,0.1299999999999999
experience management,0.1299999999999999
question response,0.1299999999999999
revegetation techniques,0.1299999999999999
grazing management,0.1299999999999999
literature analysis,0.1299999999999999
brush control,0.1299999999999999
vegetation assessment,0.1299999999999999
constructive communication,0.1299999999999997
individual therapy,0.1299999999999997
prevention programs,0.1299999999999997
genitourinary system knowledge,0.1299999999999994
urology consultation,0.1299999999999994
urology techniques,0.1299999999999994
urologic disorder treatment,0.1299999999999994
stone analysis,0.1233333333333331
dimension marking,0.1233333333333331
force application,0.1233333333333331
computer science,0.1216666666666662
testing and validation,0.1216666666666662
loan processing,0.12
casting,0.1199999999999999
experiential learning,0.1199999999999999
course design,0.1199999999999999
parking regulations knowledge,0.1199999999999999
actor development,0.1199999999999999
liaison skills,0.1199999999999999
dining reservation,0.1133333333333332
guest service,0.1133333333333332
local information provision,0.1133333333333332
labor support,0.1100000000000001
newborn care,0.1100000000000001
prenatal care,0.1100000000000001
post-birth care,0.1100000000000001
pregnancy management,0.1100000000000001
childbirth assistance,0.1100000000000001
emergency preparedness,0.1100000000000001
radiation therapy,0.11000000000000001
escalation procedures,0.11
tax planning,0.11
financial market trends,0.11
insurance planning,0.11
dental materials,0.11
customer satisfaction,0.11
debt liquidation,0.11
nutrition counseling,0.1099999999999999
dietary assessment,0.1099999999999999
tree shaping,0.1099999999999999
branch removal,0.1099999999999999
climbing gear usage,0.1099999999999999
rigging techniques,0.1099999999999999
administrative record-keeping,0.1099999999999999
systemic health monitoring,0.1099999999999999
prosthetic device fitting,0.1099999999999999
foot care techniques,0.1099999999999999
tree climbing techniques,0.1099999999999999
probability theory,0.1099999999999996
woodworking tools operation,0.10999999999999951
color and texture selection,0.10999999999999951
finishing substance application,0.10999999999999951
surface treatment and protection,0.10999999999999951
painting and staining,0.10999999999999951
wood repair and restoration,0.10999999999999951
communication systems configuration,0.10499999999999991
telecommunications systems design,0.10499999999999991
scrap metal management,0.1049999999999998
material sampling,0.1049999999999998
metal casting processes,0.1049999999999998
grinding wheel dressing,0.1049999999999991
metal surface quality control,0.1049999999999991
credit counseling,0.1
financial literacy,0.1
debt management,0.1
scalp condition treatment,0.1
hair loss management,0.1
patron needs assessment,0.1
medical referral advice,0.1
scalp health monitoring,0.1
hearing aid fitting,0.1
operational improvement,0.1
digital media storage,0.1
device assembly,0.1
device adjustment,0.1
body measurement techniques,0.1
medical device fabrication,0.1
prosthesis design,0.1
dental technology,0.1
implant placement,0.1
dental restoration,0.1
aesthetic dentistry,0.1
audio visual materials selection,0.1
audio video feed management,0.1
video editing skills,0.1
event lighting control,0.1
video equipment maintenance,0.1
audio video system design,0.1
presentation equipment operation,0.1
material shaping techniques,0.1
assistive listening devices,0.1
ear molding techniques,0.1
treatment application,0.1
site analysis,0.09999999999999998
water conservation,0.09999999999999998
office hours management,0.0999999999999999
analytical research,0.0999999999999999
bibliography compilation,0.0999999999999999
visitor services,0.0999999999999999
audio-visual design,0.0999999999999999
gum probing,0.09999999999999981
x-ray film development,0.09999999999999981
dental record keeping,0.09999999999999981
dental calculus removal,0.09999999999999981
oral cancer detection,0.09999999999999981
topical anesthesia administration,0.09999999999999981
data validation,0.0999999999999995
quality control audits,0.0999999999999995
audio control,0.0949999999999999
telephone etiquette,0.0933333333333331
infrastructure maintenance,0.09
pipe laying,0.09
trench grading,0.09
paraffin wax embedding,0.09
histological slide preparation,0.09
training materials design,0.09
tissue sectioning,0.09
diagnostic material archiving,0.09
target audience research,0.09
image generation,0.09
computer software proficiency,0.09
design trend awareness,0.09
digital file preparation,0.09
mud report preparation,0.09
derrick inspection,0.09
pipe cutting,0.09
pump operation,0.09
surgical site assessment,0.0899999999999999
behavioral influence,0.0899999999999999
wound closure,0.0899999999999999
story development,0.0899999999999999
aseptic maintenance,0.0899999999999999
bleeding control,0.0899999999999999
surgical retraction,0.0899999999999999
ophthalmic consultation,0.0899999999999998
laser surgery techniques,0.0899999999999998
vision health promotion,0.0899999999999998
endoscopic equipment operation,0.08750000000000041
medical procedure support,0.08750000000000041
surgical instrument handling,0.0874999999999999
visual aids design,0.0849999999999997
optical equipment operation,0.083333333333333
textile production techniques,0.08
product configuration,0.08
product advantages,0.08
industry trends,0.08
event coordination,0.08
contract creation,0.08
plaster casting,0.08
prosthetic and orthotic appliances,0.08
device fitting,0.08
device design,0.08
technical composition,0.0799999999999999
lens management,0.0799999999999999
artistic vision,0.0799999999999999
exercise physiology,0.0799999999999999
physiological testing,0.0799999999999999
research presentation,0.0799999999999999
test data analysis,0.0799999999999998
photonic test data recording,0.0799999999999998
employee selection,0.0799999999999997
leadership coaching,0.0799999999999997
mathematical skills,0.0700000000000001
administrative support,0.0700000000000001
autopsy techniques,0.07
dental appliance design,0.07
orthodontic procedures instruction,0.07
skin analysis,0.07
energy efficiency improvement planning,0.07
energy savings calculation,0.07
energy consumption baseline establishment,0.07
timepiece repair techniques,0.07
railway safety protocols,0.07
track monitoring,0.07
switch operation,0.07
coupling and uncoupling,0.07
precision cleaning methods,0.07
death notification,0.07
timepiece testing,0.07
building system evaluation,0.07
death investigation,0.07
crisis communication,0.07
specialized tool usage,0.07
mechanism inspection,0.07
building envelope inspection,0.07
remains management,0.07
energy consumption measurement,0.07
energy conservation education,0.07
energy efficient technology selection,0.07
tour package sales,0.06999999999999999
visual documentation,0.0699999999999999
water storage facilities design,0.0699999999999999
site specification development,0.0699999999999999
water efficiency programs development,0.0699999999999999
wind farm layout design,0.0699999999999999
hydraulic modeling,0.0699999999999999
glass preparation,0.0699999999999999
glass handling and transportation,0.0699999999999999
glass cutting techniques,0.0699999999999999
water distribution network design,0.0699999999999999
sludge treatment methods,0.0699999999999999
flood control measures,0.0699999999999999
measurement and marking,0.0699999999999999
steam application,0.0699999999999997
article preparation,0.0699999999999997
fiber softening,0.0699999999999997
wrinkle removal,0.0699999999999997
shape manipulation,0.0699999999999997
verbatim transcription techniques,0.06499999999999989
strong comprehension,0.06499999999999989
real-time decision making,0.06499999999999989
key issuance,0.0633333333333332
room assignment,0.0633333333333332
blending processes,0.06333333333333299
classification systems,0.060000000000000005
document editing,0.060000000000000005
historical significance analysis,0.060000000000000005
acquisition and display,0.060000000000000005
document preservation,0.060000000000000005
educational program coordination,0.060000000000000005
flame control and management,0.060000000000000005
vibration studies,0.06
cultural analysis,0.06
testing and installation,0.06
specification preparation,0.06
financial integrity,0.06
marine engineering,0.06
global studies,0.06
load positioning,0.06
environmental consulting,0.06
hoist maintenance,0.06
vessel design,0.06
load attachment,0.06
equipment performance evaluation,0.06
human geography,0.06
surgical team coordination,0.0599999999999999
cataloging systems,0.059999999999999803
database documentation,0.0566666666666667
database standards,0.0566666666666667
data warehousing,0.0566666666666667
database troubleshooting,0.0566666666666667
database maintenance,0.0566666666666667
database upgrade planning,0.0566666666666667
database reliability,0.0566666666666667
network performance analysis,0.0566666666666664
guideline creation,0.0500000000000001
civil rights law interpretation,0.0500000000000001
policy communication,0.0500000000000001
workplace fairness promotion,0.0500000000000001
complaint investigation,0.0500000000000001
nondiscriminatory employment practices,0.0500000000000001
equal opportunity compliance,0.0500000000000001
workplace discrimination assessment,0.0500000000000001
dispute arbitration,0.0500000000000001
hr documentation,0.05
employee file management,0.05
weather interpretation,0.05
employee support services,0.05
employee information provision,0.05
thread management,0.05
hearing loss counseling,0.05
hearing assessment,0.05
stitching techniques,0.05
auditory training,0.05
worksite cleaning,0.049999999999999906
infestation assessment,0.049999999999999906
pest identification,0.049999999999999906
pollutant measurement,0.0499999999999999
document transmission,0.0499999999999999
test execution,0.0499999999999999
operating room setup,0.0499999999999999
water supply planning,0.0499999999999999
document formatting,0.0499999999999999
field testing,0.0499999999999999
public awareness,0.0499999999999999
donor database management,0.0499999999999999
collation and binding,0.0499999999999999
typing skills,0.0499999999999999
test planning,0.0499999999999999
grammar and punctuation,0.0499999999999999
software design,0.0499999999999999
compatibility testing,0.0499999999999999
surgical supply management,0.0499999999999999
bug tracking,0.0499999999999999
clinical photography,0.0499999999999999
ophthalmic equipment operation,0.0499999999999999
refractive error calculation,0.0499999999999999
waterproofing techniques,0.0499999999999999
automated testing,0.0499999999999999
intraocular pressure measurement,0.0499999999999999
ophthalmic triage,0.0499999999999999
medical instrument preparation,0.0499999999999999
curriculum evaluation,0.0499999999999998
teacher coaching,0.0499999999999998
technical services,0.049999999999999795
user services,0.049999999999999795
library operations,0.049999999999999795
information literacy,0.049999999999999795
social adjustment,0.0449999999999999
form setting,0.0449999999999995
fixture installation,0.0449999999999995
edge shaping,0.0449999999999995
concrete spreading,0.0449999999999995
joint creation,0.0449999999999995
concrete repair,0.0449999999999995
compound application,0.0449999999999995
fetal monitoring,0.0400000000000001
lecture delivery,0.04
fault analysis,0.04
cable stringing,0.04
meeting facilitation,0.04
course development,0.04
cable pulling,0.04
confined space access,0.04
vendor selection,0.04
financial ratio generation,0.04
loan application review,0.04
visual acuity assessment,0.04
altitude management,0.0399999999999999
automated system utilization,0.0399999999999999
characterization,0.0399999999999999
revision skills,0.0399999999999999
dialogue writing,0.0399999999999999
lighting techniques,0.0399999999999999
language adaptation,0.0399999999999999
plot development,0.0399999999999999
copyright management,0.0399999999999999
audience analysis,0.0399999999999999
camera operation,0.0399999999999999
ambulance maintenance,0.0399999999999999
patient transfer techniques,0.0399999999999999
network administration,0.0399999999999998
data backup,0.0399999999999998
hardware repair,0.0399999999999998
software licensing,0.0399999999999998
music selection,0.035
event hosting,0.035
plant physiology,0.035
weed control,0.035
social interaction,0.035
promotional appearance,0.035
script writing,0.035
shaving techniques,0.0349999999999996
facial hair trimming,0.0349999999999996
material examination,0.0333333333333332
material marking,0.0333333333333332
template positioning,0.0333333333333332
cutting line marking,0.0333333333333332
data synthesis,0.03
data mining,0.03
glass installation,0.03
vessel navigation,0.03
economic guidelines,0.03
expert advice,0.03
business intelligence,0.03
payroll system operation,0.03
payroll data analysis,0.03
blood transfusion techniques,0.03
payroll record management,0.03
communication protocols,0.03
signal processing,0.03
maritime rescue techniques,0.03
wage calculation and deduction,0.03
leave time tracking,0.03
financial statement reconciliation,0.03
time sheet review and reconciliation,0.03
tax and deduction law compliance,0.03
product sourcing,0.0299999999999999
research design,0.029999999999999402
data communication,0.0266666666666664
database scalability,0.0233333333333334
database performance optimization,0.0233333333333334
wood cutting,0.0233333333333332
pattern repair,0.0233333333333332
rebar bending,0.02
order processing,0.02
component positioning,0.02
component verification,0.02
order verification,0.02
concrete form preparation,0.02
structural component fitting,0.02
wire mesh placement,0.02
reinforcing element installation,0.02
structural component installation,0.02
precision equipment design,0.02
mechatronic system design,0.02
steel bar positioning,0.02
material sequencing,0.02
fabric handling,0.02
reinforcement material securing,0.02
electronic communication,0.02
steel rod cutting,0.02
concrete structure integrity,0.02
sensor integration,0.02
motion control techniques,0.02
control device selection,0.02
pressure sensing,0.02
position sensing,0.02
automation systems development,0.02
complication management,0.0199999999999999
wire manipulation,0.0199999999999999
wire coiling techniques,0.0199999999999999
electrical component production,0.0199999999999999
component removal,0.0199999999999999
mobility enhancement,0.0199999999999999
physical assessment,0.0199999999999999
image review,0.0199999999999999
comprehensive reporting,0.0199999999999999
function restoration,0.0199999999999999
rock support systems,0.0199999999999998
anchoring systems,0.0199999999999998
biostatistical theory,0.0199999999999996
biostatistical consultation,0.0199999999999996
network upgrade planning,0.0166666666666666
network hardware selection,0.0166666666666666
network documentation,0.0166666666666666
network operations management,0.0166666666666666
network software development,0.0166666666666666
capacity planning,0.0166666666666666
web development,0.015
radiography techniques,0.0149999999999999
ultrasonic testing,0.0149999999999999
thermal imaging,0.0149999999999999
test result evaluation,0.0149999999999999
non-destructive testing,0.0149999999999999
web performance optimization,0.01
exhibition design,0.01
clinical judgment,0.01
cardiovascular system knowledge,0.01
test result reporting,0.01
web site testing,0.01
dental health programs,0.01
election analysis,0.01
governmental systems,0.01
authentication processes,0.01
scholarly writing,0.01
dental diagnosis,0.01
hearing conservation,0.01
light cleaning,0.01
companionship,0.01
assistive device fitting,0.01
screening program development,0.01
analytical thinking,0.01
server-side code optimization,0.01
food development,0.0099999999999999
flow regulation,0.0099999999999999
valve operation,0.0099999999999999
gauge monitoring,0.0099999999999999
flowmeter monitoring,0.0099999999999999
allergy and immunology knowledge,0.0099999999999999
food distribution,0.0099999999999999
chemical composition,0.0099999999999999
food preservation,0.0099999999999999
graphical analysis,0.0099999999999998
research planning,0.0099999999999998
clay manipulation,0.0066666666666667
kiln operation,0.0066666666666667
tire construction,0.0033333333333332
product monitoring,0.0033333333333332
tire inspection,0.0033333333333332
detail orientation,0.0033333333333332
gemstone identification,0.0033333333333332
plot diagram creation,0.0033333333333332
clarity analysis,0.0033333333333332
rubber processing,0.0033333333333332
