skill,count
time management,1639
problem solving,1563
operations monitoring,1366
communication,1259
material handling,1102
troubleshooting,1095
equipment maintenance,1036
record keeping,959
inventory management,903
critical thinking,807
installation,708
judgment and decision making,676
complex problem solving,624
financial management,602
team management,569
laboratory techniques,529
customer service,523
technical documentation,491
precision measurement,484
budgeting,467
systems analysis,458
project management,452
personnel management,425
emergency response,392
active learning,387
staff supervision,375
financial analysis,365
data analysis,359
supply chain management,357
customer education,356
training and development,333
risk management,323
conflict resolution,302
surface preparation,300
hand tool operation,296
scheduling,291
attention to detail,290
blueprint reading,253
medication administration,248
lesson planning,240
adaptability,238
data recording,235
negotiation,229
mathematics,228
equipment calibration,225
report writing,224
learning strategies,223
sales techniques,219
research methods,210
lubrication techniques,209
cost estimation,204
counseling techniques,203
organization,200
vital sign monitoring,198
transportation management,197
mathematical calculations,194
customer communication,193
marketing strategies,191
patient care techniques,189
operation and control,186
surface finishing,185
teaching techniques,183
logistics management,175
food preparation,171
professional development,168
cash handling,168
classroom management,167
programming,165
patient monitoring,164
welding techniques,164
data entry,162
clerical duties,155
facility maintenance,155
emotional intelligence,150
site preparation,149
drilling techniques,147
patient education,144
child development,141
reassembly techniques,140
patient communication,139
material preparation,139
client record management,139
material transfer,139
event planning,139
progress monitoring,137
scaffolding setup,131
temperature control,131
physical labor,130
comprehensive care planning,128
treatment planning,128
curriculum development,127
circuit analysis,126
health education,126
machine setup and operation,124
student counseling,124
program evaluation,119
mechanical design,119
parent communication,119
first aid techniques,118
waste management,118
service orientation,118
technical drawing,118
policy development,116
physical stamina,115
instructing,114
incident reporting,113
pipe installation,110
fastening techniques,110
fastening and packaging,110
industrial truck operation,110
social perceptiveness,109
mathematical reasoning,108
program development,108
lifting and moving,107
vehicle operation,107
exercise instruction,106
assembly techniques,105
pressure control,104
equipment testing,103
technical manual interpretation,102
equipment disassembly,101
market research,101
animal care,100
security protocols,99
debris removal,99
product knowledge,98
cleaning and organization,98
case management,97
route navigation,96
cable management,96
disease prevention,95
patient transportation,95
metal shaping techniques,95
accounting,95
persuasion,93
layout planning,93
recreational activity planning,93
water management,92
workpiece inspection,91
measurement skills,90
frame repair,89
damage assessment,88
exterior panel replacement,88
repair planning,88
work procedure planning,88
gas line repair,88
plumbing system installation,88
material removal,87
workpiece positioning,86
emotional support,86
chemical analysis,86
process control,85
active listening,84
food safety,84
protective covering application,83
decision making,83
critical care,81
adhesive application,81
measurement and layout,80
route planning,79
instructional design,79
dressing assistance,79
patient care,79
basic life support,78
medical supply management,78
financial record keeping,77
reading comprehension,77
grout application,77
payment processing,75
log maintenance,75
police procedures,74
surface repair,74
performance management,74
structural analysis,73
equipment troubleshooting,73
individualized education planning,72
geological material handling,72
order fulfillment,72
student record keeping,71
installation support,71
troubleshooting skills,71
mechanism replacement,70
resource monitoring,70
functional testing,70
proper alignment,70
mechanism adjustment,70
problem identification,70
polishing techniques,69
academic advising,69
electrical system testing,68
community outreach,67
floor preparation techniques,67
conduit installation,67
supply ordering,67
electrical system installation,67
behavioral management,66
client assessment,66
writing skills,65
community engagement,65
mathematical analysis,65
supportive device use,65
client consultation,65
functional activity support,65
staff recruitment,65
mobility assistance,64
stakeholder communication,64
client communication,64
machining,64
problem analysis,63
wire stripping techniques,63
work area cleaning,63
technical support,63
team support,63
surgical procedures,63
landscaping techniques,63
worksite organization,63
compliance management,62
testimony,60
operational integrity,60
disability support,60
hair cleansing techniques,60
strategic thinking,60
attendance management,60
cutting and shaping,59
grant writing,59
food handling,59
form construction,59
caulking and sealing,58
participation encouragement,58
storage and organization,58
evidence handling,58
medical diagnosis,57
fluoride application,57
dental instruments,57
drain maintenance,57
production planning,56
fluid management,55
decorative design,55
cultural competence,55
supervision of nursing personnel,54
interviewing techniques,54
health maintenance guidance,54
crop management,54
customer relations,53
home and work adjustment,53
infection control,53
data collection,53
transportation services,53
storage management,52
technology design,52
financial reporting,52
package delivery,52
cognitive development,52
intervention evaluation,51
mental health assessment,49
administrative tasks,49
discharge planning,49
coating application,49
labor management,49
material analysis,49
data verification,49
strategic planning,49
bonding techniques,48
precision alignment,48
collaboration skills,48
forest management,48
hazardous materials handling,48
client education,47
fastening and securing,47
technical communication,47
meat cutting techniques,47
system design,47
structural framing,46
information retrieval,46
problem resolution,46
cutting and fitting,46
process optimization,46
goal setting,46
chemical handling,45
manual labor,45
behavioral intervention,45
wiring repair techniques,45
scientific knowledge,45
critical decision making,45
medical research,44
regulatory knowledge,44
ingredient measurement,44
protective treatments,44
rinsing and drying,44
workspace organization,44
log grading,43
access control,43
range of motion evaluation,43
wiring installation,43
daily living assistance,43
physical examination techniques,43
public education,43
physical support,43
behavioral observation,43
patient restriction management,43
social activity organization,43
plant care,42
tax law knowledge,42
personal care assistance,42
structural integrity,42
sample collection,42
pattern making,42
ambulation support,42
system integration,42
academic planning,42
hardware fastening,41
surface alignment,41
carpet padding installation,41
measurement and calculation,41
precision adjustment,41
tack strip installation,41
heat sealing,41
technical guidance,41
food presentation,41
site management,41
flooring material selection,41
event decoration,40
display creation,40
stock unpacking,40
design principles,40
geological analysis,40
printing techniques,40
flower arrangement techniques,40
network security,39
design specifications,39
academic support,39
elementary education,39
reassembly and adjustment,39
electric motor repair,39
evidence analysis,39
system testing,39
employee counseling,39
speaking,39
science,39
customer engagement,39
customer complaint resolution,39
contract management,39
order maintenance,38
experimental design,38
meat preparation,38
merchandise delivery,38
community integration,37
confidentiality,37
physical and mental well-being improvement,37
therapy program development,37
assembly and joinery,37
property protection,37
observation and analysis,37
organizational skills,37
multitasking,37
client advocacy,36
industrial electronics,36
patient history,36
patient continuity of care,36
medical terminology,36
design modification,36
health maintenance education,36
electronic systems analysis,36
passenger management,36
floor maintenance,36
educational leadership,36
discipline enforcement,36
disaster recovery,36
surface inspection,36
complex procedure assistance,36
vegetation management,35
instrumentation,35
surveillance techniques,35
laboratory safety,35
humidity control,35
press operation,35
crisis intervention,34
health promotion,34
map reading,34
discipline techniques,34
painting techniques,34
modalities administration,34
harvesting techniques,34
computer-aided design,34
progress documentation,34
roof preparation,33
roof inspection,33
training coordination,33
public relations,33
service record keeping,33
daily living skills,33
ladder safety,33
hoisting equipment operation,33
cargo management,33
roof repair,33
data security,32
chemical synthesis,32
product presentation,32
train operation,32
career development,32
hardware installation,32
patrol procedures,32
artistic expression,31
clinical decision making,31
die installation,31
simulation software,31
terrain navigation,31
document classification,31
cost control,31
research and development,31
packaging techniques,31
coordination of care,31
nutrition and dietary management,31
rehabilitation planning,31
wound care,31
fluid intake and output management,31
linens management,31
creativity,31
dimensional verification,31
design evaluation,30
facility inspection,30
script analysis,30
geographic information systems,30
community development,30
career counseling,30
presentation skills,30
household management,30
assistive technology,30
product demonstration,30
defect identification,30
physical therapy techniques,30
communication systems installation,30
anesthesia administration,30
airway management,30
sample labeling,29
pain management,29
law enforcement,28
mortar application,28
inmate management,28
masonry techniques,28
mathematical modeling,28
auditing,28
product design,28
image processing,28
food storage,28
chemical mixing,28
dispute resolution,27
solution preparation,27
passenger safety,27
statistical evaluation,27
filing systems,27
order management,27
sanding,27
winch operation,27
load assessment,27
dispatch coordination,27
soil preparation,27
custom application development,27
academic writing,27
product reliability,27
depth measurement,27
excavation techniques,27
anchor placement,27
industrial process analysis,27
manufacturing efficiency,27
traffic analysis,27
engine management,27
complex analysis,27
power tool operation,26
file management,26
coolant management,26
land use planning,26
massage and soft tissue mobilization,26
pricing strategies,26
mathematical calculations and applications,26
pharmacological knowledge,26
natural medicine administration,26
drink preparation,26
venipuncture and blood sampling,26
sales forecasting,26
exercise prescription,26
material measurement,26
public health reporting,26
service delivery,26
shop math and layout techniques,26
component replacement,25
technology assessment,25
animal health monitoring,25
data visualization,25
computer resource development,25
operational reporting,25
nanotechnology research,25
hazard identification,25
surface smoothing,25
leveling and alignment,25
crew management,25
medical device management,25
respiratory function assessment,25
evidence collection,25
pest control,25
animal nutrition,25
radiation safety,25
passenger assistance,25
engine tuning,24
sheet metal repair,24
product evaluation,24
video production,24
behavior modification,24
adjustment,24
utensil handling,24
employee relations,24
pavement repair techniques,24
experimentation,24
asphalt patching,24
property evaluation,24
career guidance,24
computer hardware design,24
financial regulations,24
color theory,24
system administration,24
material positioning,24
alarm response,24
report generation,24
product sampling,24
accuracy checking,23
fire extinguishing techniques,23
data quality control,23
client support,23
threat analysis,23
healthcare policy,23
presentation techniques,23
injury prevention,23
behavior monitoring,23
surveying techniques,23
safety and welfare,23
finishing techniques,23
automotive system analysis,23
social support,23
weatherproofing,23
change management,23
choreography,22
critical evaluation,22
social service coordination,22
evidence preservation,22
networking,22
quality improvement,22
menu planning,22
dimensional measurement,22
creative direction,22
prospect list development,22
mechanical knowledge,22
medical ethics,22
fingerprint analysis,22
auditioning,22
image analysis,22
payment collection,22
material flow,21
office administration,21
court procedures,21
engineering principles,21
preventative care,21
coolant and lubricant selection,21
social work,21
weight management,21
data modeling,21
groundskeeping operations,21
data integration,21
pattern assembly,21
temperature monitoring,21
food assembly,21
materials science,21
housekeeping,21
diversity awareness,21
adhesion and durability control,21
grooming assistance,21
order preservation,21
labor relations,21
color consistency control,21
environmental policy development,21
flow control,21
vegetable preparation,21
kitchen maintenance,21
fruit preparation,21
dishwashing,21
boiler operation,21
patron conduct,21
table setting,21
paint mixing and matching,21
work order and instruction reading,21
energy efficiency analysis,21
locomotive maintenance,21
weather monitoring,21
signal interpretation,20
tile installation,20
continuous learning,20
dimensional accuracy,20
project feasibility analysis,20
air quality control,20
fixture construction,20
pattern finishing,20
leveling,20
product development,20
joint finishing,20
patient mobility techniques,20
equipment transportation,20
user training,20
benefits administration,20
geometry,20
operational procedures,20
invasive techniques,20
patient recovery,20
course laying,20
mortar mixing,20
study skills,20
brick laying techniques,20
motivational techniques,20
note taking skills,20
vertical alignment,20
crop quality control,20
corner construction,20
template repair,20
environmental support,20
incident response,20
image editing,20
ventilation management,20
health legislation enforcement,20
geographic data analysis,20
workplace inspection,20
heat supply,19
pattern matching,19
child safety,19
health habits,19
furniture polishing,19
rest period management,19
environmental cleaning,19
analytical skills,19
steam generation,19
fuel management,19
pattern reading,19
material manipulation,19
adjusting machine controls,19
chemical measurement,19
film digitization,19
darkroom equipment maintenance,19
photographic reproduction techniques,19
nutrition studies,19
malfunction detection,19
specimen preparation,19
substance abuse treatment,19
emotional development,19
research skills,19
comforting patients,19
contrast agent administration,19
precision record keeping,19
model building,19
heating and cooling system repair,19
pipe repair methods,19
document review,19
proposal writing,19
language development,19
image quality control,19
technical manual utilization,19
student guidance,19
instructing medical staff,19
topographic analysis,19
client data analysis,19
survey data interpretation,19
rolling and forming techniques,19
legal research,19
magnetic resonance imaging,19
clinical data analysis,18
illustration techniques,18
return and exchange management,18
design creation,18
fluid sample analysis,18
adhesion promotion,18
gas processing,18
blood collection techniques,18
phlebotomy procedures,18
abrasive tool selection,18
hemoglobin testing,18
case analysis,18
field monitoring,18
optical system setup,18
cable installation,18
crisis management,18
scientific documentation,18
test compilation,18
cognitive function assessment,18
cooking techniques,18
financial oversight,18
visual composition,18
volunteer coordination,18
pattern cutting,17
mechanical aptitude,17
material joining,17
product construction,17
cargo weight and balance calculation,17
efficient workflow management,17
space optimization techniques,17
leather working techniques,17
sewing machine operation,17
smooth and secure operations,17
crime prevention,17
precision cutting,17
makeup application,17
safety information communication,17
aircraft stability maintenance,17
storage and retrieval,17
wallcovering installation,17
merchandise appraisal,17
immigration law knowledge,17
cargo examination,17
customs regulations understanding,17
ceiling and wall treatment,17
stockroom organization,17
customer presentation,17
mathematical operations,17
wallpaper application techniques,17
seamless finishing techniques,17
fine art portfolio management,17
identification techniques,17
talent acquisition,17
prototyping,17
material application,17
erosion control,17
health screening,17
fine art trends analysis,17
digital art techniques,17
fine art marketing,17
engineering standards,17
literature review,17
perspective drawing,17
product formation,17
wood surface treatment,17
edge treatment,17
manual dexterity,17
floor finishing,17
product casting,17
work order analysis,17
product shaping,17
cooperative working relationships,16
scientific literacy,16
physical conditioning,16
soldering skills,16
health education materials development,16
hand wanding,16
compensation analysis,16
labeling and packaging,16
resource preservation,16
biological data analysis,16
data mapping,16
financial operations coordination,16
soil conservation,16
asset protection,16
ballast management,16
healthcare information systems,16
self advocacy,16
infrastructure planning,16
photonic design history creation,16
eligibility assessment,16
network troubleshooting,16
spatial analysis,16
market knowledge,16
metal detector operation,16
x-ray machine operation,16
fat removal techniques,16
pat-down searches,16
weight measurement,16
passenger monitoring,16
therapeutic communication,16
community relations,16
product integrity,16
track inspection,16
explosive detection,16
imaging system design,16
chemical swab systems,16
cooling system management,16
map creation,16
photonics prototyping,16
electro-optical sensing,16
light source design,16
laser design,16
fiber-optic link analysis,16
sustainable design,16
physical fitness maintenance,16
fertilizer application,16
baggage inspection,16
contract preparation,16
security screening,15
log measurement,15
quality assessment,15
studio art therapy,15
drilling fluid management,15
laboratory data entry,15
art supply management,15
cash drawer balancing,15
energy conservation,15
portion control,15
irrigation system management,15
test procedure development,15
microscopic examination,15
food quality control,15
information analysis,15
experiment monitoring,15
sample preparation,15
aircraft maintenance,15
engine repair,15
teaching,15
massage techniques,15
drafting,15
traffic signal operation,15
vessel traffic management,15
sewing techniques,15
boat operation techniques,15
material mixing,15
photography,14
food service,14
visual representation,14
vendor management,14
ticket sales,14
ride operations,14
animal tracking,14
food processing,14
concession operations,14
visual and auditory reception,14
metal properties,14
insulation application,14
alternative energy testing,14
prototype development,14
display design,14
civil engineering,14
stone carving,14
kitchen organization,14
culinary creativity,14
load management,14
audio equipment setup,14
material sorting,14
dismantling techniques,14
hazardous substance removal,14
programming and installation,14
mechanical systems troubleshooting,14
device testing,14
wiring and cabling,14
audiovisual technology,14
technical diagram interpretation,14
continuity maintenance,14
prosthetic attachment,14
special effects creation,14
lighting adjustment,14
character research,14
skin preparation,14
period setting knowledge,14
geological sampling,14
well servicing,14
computerized automotive applications,14
library systems,14
report analysis,14
public works planning,14
engine disassembly and rebuilding,14
brake system inspection,14
load securing,14
committee work,14
mental health support,14
computer modeling,14
decision writing,14
allegation assessment,14
distribution planning,14
computer controlled exhaust emissions repair,14
fuel injection system repair,14
diesel engine repair,14
recipe following,14
steering mechanism adjustment,14
contamination control,14
chemical application,14
security policy development,14
assembly and installation,14
higher education,14
material stress calculation,14
wiring diagrams,14
garment construction,14
deadline management,14
geothermal plant operations,14
legal interpretation,14
sentence imposition,14
compensation awarding,14
jury instruction,14
procedure establishment,14
information management,14
blueprint creation,14
community resource navigation,13
farm equipment operation,13
business management,13
voucher management,13
credit evaluation,13
installation and maintenance,13
complex calculations,13
institutional development,13
computerized financial information access,13
data compilation and reporting,13
behavioral strategy development,13
economic analysis,13
remote sensing,13
agricultural production,13
benefit identification,13
discrepancy reconciliation,13
numerical data classification,13
resource referral,13
check processing,13
ensemble work,13
communication planning,13
partnership building,13
general office duties,13
failure analysis,13
feedback and support,13
technical expertise,13
media relations,13
accounting software operation,13
emotional needs assessment,13
continuing education,13
electrical wiring,13
compaction techniques,13
oral surgery,13
fluid circulation,13
medical diagnostic equipment design,13
human biobehavioral systems modeling,13
biological systems analysis,13
spray gun operation,13
tire repair,13
course planning,13
electromechanical design,13
earth moving,13
accessory installation,13
broadcast monitoring,13
programming cnc machines,13
group dynamics,13
food analysis,13
visual storytelling,13
physical properties testing,13
patient positioning,13
environmental sampling,13
mathematical procedures,13
power generation,13
group therapy,13
bookkeeping,13
climate analysis,13
field work,13
remediation techniques,13
quantitative methods,13
graphic design,12
rigging and hoisting,12
log sorting,12
family dynamics,12
leak detection,12
anesthesia delivery system calibration,12
log tracking,12
cardiopulmonary resuscitation,12
cartography,12
volume estimation,12
material identification,12
operating room supply management,12
plumbing techniques,12
log evaluation,12
market value determination,12
typography selection,12
mitigation strategy development,12
solar system installation,12
solar collector mounting,12
operational effectiveness assessment,12
laundry,12
robotics maintenance,12
database design,12
sketching and diagramming,12
musculoskeletal diagnosis,12
primary care procedures,12
oil changes,12
fluid replenishment,12
stock ordering,12
concrete finishing,12
audio recording,12
financial calculation,12
mine design,12
supply replenishment,12
window cleaning,12
toiletries replenishment,12
cart management,12
field study,12
roof penetration,12
plumbing insulation,12
resource extraction planning,12
instructional training,12
customer verification,12
industry knowledge,12
bathing assistance,12
light housekeeping,12
procedural adherence,12
crime scene documentation,12
age verification,12
currency exchange,12
nutrient retention,12
biomass feedstock assessment,12
transaction reconciliation,12
english language instruction,11
pneumatic systems,11
hydraulic systems,11
content management,11
electrical code compliance,11
vocal techniques,11
economic evaluation,11
client empowerment,11
flood risk assessment,11
financial modeling,11
water sampling,11
exhibit planning,11
mental health education,11
wildlife behavior study,11
process design,11
environmental modification,11
flight operations,11
timber appraisal,11
ecological health maintenance,11
vessel operation,11
visual merchandising,11
reforestation techniques,11
quality judgment,11
texture creation,11
usability testing,11
cabin management,11
adaptive tool development,11
social perception,11
holistic student development,11
community liaison,11
worksite safety management,11
heavy lifting operations,11
electrical safety procedures,11
learning support,11
container preparation techniques,11
container assembly,11
historical accuracy,11
complex systems design,11
drill bit management,11
legislative analysis,11
sales strategy development,11
casing insertion,11
depth control,11
impression evidence analysis,11
gunshot residue analysis,11
blood stain pattern analysis,11
alignment management,11
dance education,11
movement analysis,11
physical proficiency,11
dance execution,11
disturbance investigation,11
environmental reporting,11
footwear and tire track examination,11
physical evidence analysis,11
containment techniques,11
visual concept development,11
lens system adjustment,11
camera disassembly,11
environmental safety protocols,11
technical assistance,11
design element definition,11
camera repair techniques,11
material requisitioning,11
dance production,11
electrical component modification,11
medical analysis,10
athlete rehabilitation,10
evidence presentation,10
athletic training room maintenance,10
metal tempering,10
mail delivery,10
diagnostic skills,10
grinding wheel dressing,10
background investigations,10
sustainable regeneration,10
generator repair,10
propeller maintenance,10
component design,10
repairing complex systems,10
natural resource management,10
data architecture,10
geothermal loop piping installation,10
wastewater management,10
financial goal setting,10
meter reading,10
equipment positioning,10
area coverage,10
weather consideration,10
plant diagnosis,10
gis analysis,10
soil analysis,10
athlete health and wellness,10
spray direction,10
athlete safety inspection,10
automotive engineering principles,10
musculoskeletal injury evaluation,10
athlete equipment use advice,10
maintenance documentation,10
metal surface quality control,10
cell staining techniques,10
nutrition and conditioning advice,10
athlete participation clearance,10
geological mapping,10
weather analysis,10
spinal adjustment,10
sensory information utilization,10
assessment and planning,10
audio editing,10
visual impairment assessment,10
student monitoring,10
employee communication,10
content creation,10
memory skills development,10
music composition,10
x-ray interpretation,10
job classification,10
portfolio management,10
rust removal,10
forecasting,10
material processing,10
musculoskeletal system correction,10
support device recommendation,10
family assessment,10
mapmaking,10
childcare program development,10
land information systems,10
map editing,10
hydrologic studies,10
test protocol design,10
travel instruction,10
mobility device training,10
independent travel techniques,10
form completion,10
aesthetic design,10
data manipulation,10
photo mosaics creation,10
therapeutic care,10
technical training,10
audio production,10
soil sampling,10
sensor installation,10
studio management,10
gps technology,10
precision agriculture,10
health advocacy,10
product validation,10
alternative communication devices,10
special education strategies,10
classroom preparation,10
sensory-motor skills development,10
labor requirements,10
therapeutic regimens,10
gemstone grading,10
rhythm and tempo,10
restriction identification,9
data documentation,9
student instruction,9
metadata management,9
fabrication skills,9
counterweight installation,9
compensation planning,9
data extraction,9
construction coordination,9
bidding process coordination,9
safety controls adjustment,9
mail sorting,9
data loading,9
purchasing procedures,9
bone and gum tissue regeneration,9
facial trauma management,9
facial reconstruction,9
automotive repair techniques,9
infection treatment,9
dental implant preparation,9
relationship building,9
exercise program development,9
train scheduling,9
muscle strength assessment,9
joint function evaluation,9
relaxation techniques,9
posture guidance,9
soft tissue analysis,9
sampling techniques,9
document security,9
sales territory management,9
business rule implementation,9
data transformation,9
mechanical systems installation,9
title research,9
new market identification,9
assembly drawings,9
equipment anchoring,9
rigging system setup,9
visual effects,9
stone placement,9
engine component analysis,9
transportation preparation,9
obstacle navigation,9
circuit board layouts,9
mechanical system adjustment,9
pet care advice,9
genetic analysis,9
advertising strategy development,9
legal precedent analysis,9
education policy,9
fact investigation,9
technical specifications evaluation,9
transportation coordination,9
laboratory quality control,9
team direction,9
cement removal,9
seam placement,9
sustainability strategy execution,9
material estimation,9
guideline measurement,9
property ownership verification,9
jewelry design,9
jewelry repair,9
precision craftsmanship,9
engraving techniques,9
land record management,9
appliance removal,9
accounting standards,9
financial objectives,9
foundation smoothing,9
floor covering installation,9
document analysis,9
map interpretation,9
encumbrance assessment,9
preservation methods,9
settlement negotiation,9
trial preparation,9
mail handling,9
client relationship management,9
study protocol development,8
literacy training,8
adult education,8
sensitive database management,8
developing situation monitoring,8
psychological knowledge,8
reintegration planning,8
recycling operations,8
energy procurement,8
industrial process knowledge,8
background research,8
subject screening,8
research staff instructing,8
clinical trial management,8
clinical study coordination,8
hair presentation techniques,8
edge alignment,8
circulation management,8
probation and parole management,8
chemical knowledge,8
industrial hygiene research,8
pattern adherence,8
public access policy,8
account management,8
instrument usage,8
lens inspection methods,8
hvac systems,8
climate control systems,8
precision lens polishing,8
direction giving,8
offender assessment,8
creative problem solving,8
revision control,8
optical element shaping,8
lens alignment,8
emergency unit dispatch,8
location determination,8
optical element assembly,8
guidance and instruction,8
control systems,8
communication systems management,8
fashion trend analysis,8
critical information provision,8
suspect apprehension,8
textile knowledge,8
physical comedy,8
lens mounting techniques,8
role development,8
character interpretation,8
feed rate adjustment,8
emotional expression,8
employment policy development,8
visual media posing,8
fashion show coordination,8
call recording and documentation,8
building regulations,8
content accessibility,8
personal development counseling,8
frame assembly,8
classification taxonomies,8
energy management,8
renewable energy systems,8
property marketing,8
dietary accommodation,8
batter preparation,8
baking techniques,8
dough preparation,8
thread selection,8
floor cleaning techniques,8
glass cleaning,8
restroom maintenance,8
oven temperature control,8
decorating techniques,8
component measurement,8
equipment adjustment,8
real estate law,8
point of sale,8
dosage calculation,8
benefits research,8
door sweeps installation,8
hvac system installation,8
weather-stripping application,8
combustion air management,8
weatherization techniques,8
air flow system analysis,8
caulking and glazing,8
needle preparation,8
independent living skills,8
trapping methods,8
marine life handling,8
template creation,8
network design,8
site monitoring,8
consistency monitoring,8
lens cleaning procedures,8
optical element coating,8
tree trimming,8
local knowledge,8
luggage handling,8
energy auditing,8
theme development,8
cell culture techniques,8
merchandise evaluation,8
hand-eye coordination,8
product introduction,8
glass shaping techniques,8
user education,8
cycle management,8
welcoming environment maintenance,8
pathology reporting,8
aseptic techniques,8
thread trimming,8
conformity assessment,8
lens quality control,8
energy bill analysis,8
regulatory submission,7
campaign team management,7
heating process management,7
fabric selection,7
media coordination,7
media selection,7
regulatory policy development,7
product recall coordination,7
regulatory risk management,7
content supervision,7
video editing software operation,7
media production standards,7
team guidance,7
worksite preparation,7
material movement,7
advertising campaign planning,7
content development,7
veterinary care coordination,7
timely delivery,7
editing techniques,7
manuscript evaluation,7
microscopic techniques,7
materials testing,7
readability enhancement,7
cellular component identification,7
publication planning,7
scientific guidance,7
environmental auditing,7
genetics knowledge,7
enclosure maintenance,7
correspondence management,7
health literacy,7
critical analysis,7
walking navigation,7
craft production,7
event participation,7
athletic performance,7
regulatory procedure development,7
grammar correction,7
creative decision making,7
storytelling techniques,7
animal identification,7
craft design,7
speech analysis,7
text rewriting,7
research participation,7
independence training,7
electrical system diagnosis,7
address management,7
social awareness,7
fact verification,7
package handling,7
writing style improvement,7
regulatory database management,7
analytical techniques,7
site assessment,7
display maintenance,7
client advice,7
evidence-based practice,7
nursing leadership,7
court representation,7
public opinion analysis,7
user support,7
grinding and polishing,7
sample examination,7
human behavior analysis,7
hair styling,7
government relations,7
data review,7
patron services,7
division strip installation,7
compact earth fills,7
system modeling,7
system scalability,7
binding techniques,7
education research,7
intelligence gathering,7
information sharing,7
criminal profiling,7
pattern recognition,7
technical sales,7
technical analysis,7
educational technology,7
finished road materials,7
material distribution,7
asphalt flow rates,7
lighting planning,7
screed temperatures,7
product arrangement,7
concrete work,7
fence repair,7
spatial data interpretation,7
equipment setup and teardown,7
posthole digging,7
security system installation,7
competitor analysis,7
texturizing compound application,7
gating installation,7
color scheme selection,7
computer-assisted drafting,7
ground preparation,7
drawing and mapping,7
countersinking,7
cementing material application,7
grade specifications,7
tape embedding,7
tax return preparation,7
terrazzo application,7
high ceiling work,7
durability assessment,7
decorative element embedding,7
service fee calculation,7
biofuels research,7
historical research,7
herbal medicine,6
moxibustion,6
digital resource utilization,6
content writing,6
public image management,6
speech writing,6
electrochemical diagnostics,6
social media management,6
statistical software,6
space management,6
energy storage,6
hydrogen fuel cell systems,6
content distribution,6
persuasive communication,6
reference checking,6
electric drive systems,6
power electronics,6
acupressure,6
fuel cell design,6
textual integrity,6
casket arrangement,6
radiopharmaceutical administration,6
spelling correction,6
insurance billing,6
dental prosthetics,6
tailoring skills,6
jig building,6
wood selection,6
pattern record keeping,6
garment repair,6
buttonhole creation,6
fitting techniques,6
hemming skills,6
process control checklists,6
information provision,6
yield improvement,6
reliability analysis,6
microelectromechanical systems design,6
reporting,6
fire investigation reporting,6
fundraising strategies,6
medical coding,6
conveyor operation,6
textual accuracy,6
piling installation,6
composition standards,6
manuscript review,6
punctuation techniques,6
pre-operational checks,6
stone drilling,6
refueling and maintenance,6
acupuncture techniques,6
radioisotope equipment operation,6
structural support,6
foundation installation,6
color and texture selection,6
finishing substance application,6
painting and staining,6
surface treatment and protection,6
wood repair and restoration,6
user experience design,6
woodworking tools operation,6
set design,6
conducting techniques,6
heat and cold therapy,6
cosmetic restoration,6
pallbearer duties,6
aircraft assembly,6
urology consultation,6
disease resistance enhancement,6
animal specimen examination,6
embalming techniques,6
urology techniques,6
urologic disorder treatment,6
music theory,6
vocal direction,6
coaching techniques,6
musical arrangement,6
property valuation,6
tonal balance,6
corrective measures,6
visual system analysis,6
lifestyle education,6
program adaptation,6
exercise planning,6
collection management,6
genitourinary system knowledge,6
regulatory advice,6
spelling and grammar,6
shipping documentation,6
restorative surgery,6
preservation fluid handling,6
funeral planning,6
groove creation,6
clinical operations management,6
public presentation,6
design calculations,6
construction safety,6
circulatory system management,6
instrumental direction,6
laboratory result interpretation,6
genetic education,6
geochemical analysis,6
rock classification,6
gravity measurement,6
natural disaster risk assessment,6
geophysical information analysis,6
fossil analysis,6
mineral identification,6
magnetic field measurement,6
energy analysis,6
harmony and melody,6
transcription techniques,6
forest use regulations enforcement,6
physiological data analysis,6
survey design,6
learning theories,6
specimen collection,6
bulk material handling,6
fire hazard identification,6
firefighting equipment maintenance,6
campsite inspection,6
wildland firefighting training,6
voice disorders,6
forest tract inspection,6
product flow management,6
track monitoring,6
switch operation,6
coupling and uncoupling,6
medical information analysis,6
solar system design,6
stylistic consistency,6
railway safety protocols,6
signal strength testing,6
fluency disorders,6
electrodiagnosis,6
assistive device prescription,6
swallowing disorders,6
import export regulations,6
therapy prescription,6
customs documentation,6
duty and tax calculation,6
treatment monitoring,6
cost management,5
grounding system installation,5
musicality,5
physical awareness,5
vulnerability assessment,5
loan approval,5
repayment scheduling,5
cable splicing,5
costume design,5
physical security,5
error detection,5
tool sharpening,5
tower transmission component installation,5
concrete repair,5
antenna mounting and alignment,5
nuclear safety protocols,5
nuclear energy management,5
cargo insurance,5
concrete spreading,5
authenticity evaluation,5
oral history recording,5
joint creation,5
recipe development,5
compound application,5
form setting,5
brain activity monitoring,5
labor negotiation,5
nuclear fuel cycle management,5
medical information collection,5
electrode placement techniques,5
neurological disorder diagnosis,5
nervous system function evaluation,5
historical interpretation,5
fixture installation,5
edge shaping,5
sleep disorder diagnosis,5
waste treatment and remediation,5
network coverage analysis,5
operational analysis,5
prisoner behavior monitoring,5
contraband detection,5
market condition updates,5
market terms explanation,5
explosives handling,5
detonation techniques,5
blast site preparation,5
sterile field maintenance,5
research application,5
proofreading techniques,5
fire detection systems,5
visual content creation,5
transformer installation,5
ecological knowledge,5
restoration planning,5
project scheduling,5
circuit breaker installation,5
power line inspection,5
pole erection,5
cable laying,5
switch installation,5
physical force management,5
lock and gate inspection,5
head count management,5
biological science knowledge,5
data logging,5
resource exploration,5
well logging,5
drill cuttings analysis,5
paper handling techniques,5
feed control systems,5
family support,5
plate securing methods,5
ink flow management,5
production coordination,5
discipline maintenance,5
bar management,5
garnish preparation,5
drink recipes,5
technology integration,5
textile production techniques,5
investment advice,5
dental materials,5
trading practices,5
prisoner record keeping,5
environmental modeling,5
toxicity reduction,5
electronic data processing,5
aerial survey conducting,5
solvent handling,5
accessibility assistance,5
lost item recovery,5
admission verification,5
geodetic measurements,5
survey instrument calibration,5
photogrammetric map compilation,5
land feature analysis,5
property boundary determination,5
water conservation,5
site analysis,5
project evaluation,5
material separation,5
project monitoring,5
crop rotation,5
artifacts preparation,4
corrosion control,4
video review,4
supervisory skills,4
employee orientation,4
maintenance skills,4
speed control,4
oversight and security,4
test solution preparation,4
loan processing,4
fiscal planning,4
chromatography techniques,4
map accuracy evaluation,4
spectrophotometry,4
analytical chemistry,4
physical education,4
rigorous testing,4
advanced design software,4
molecular physics,4
computer graphics expertise,4
scale and projection determination,4
sorting techniques,4
boundary establishment,4
loading procedures,4
cargo inspection techniques,4
inspection reporting,4
hydroelectric plant operations,4
observation techniques,4
object conservation,4
product configuration,4
profitability analysis,4
nano-enabled product design,4
marketing materials design,4
music therapy planning,4
treatment outcome analysis,4
business planning,4
industry trends,4
contract creation,4
feedstock evaluation,4
flow meter calibration,4
music education,4
stage presence,4
product advantages,4
media promotion,4
fieldwork experience,4
procurement,4
energy scheduling,4
power distribution,4
switching order preparation,4
control board management,4
operational data management,4
audience engagement,4
rehearsal techniques,4
musical adaptability,4
instrumental skills,4
budget compliance,4
museum collection management,4
exhibition installation,4
rapport building,4
workplace design,4
nanoscale materials synthesis,4
worksite cleaning,4
telecommunications systems design,4
travel information,4
electrical system inspection,4
interior design,4
requirements analysis,4
pest identification,4
infestation assessment,4
thickness measurement,4
shaving techniques,4
binocular vision techniques,4
scientific paper presentation,4
eye movement analysis,4
vision screening,4
clinical method training,4
visual aids design,4
endoscopic equipment operation,4
communication systems configuration,4
facial hair trimming,4
expense management,4
custom enclosure construction,4
telephone communication,4
information gathering,4
billing management,4
office memo drafting,4
document distribution,4
case file management,4
wiring and soldering,4
navigation system installation,4
electrical hazard mitigation,4
current checking,4
inverter programming,4
photovoltaic system maintenance,4
grounding and connections,4
system testing and adjustment,4
digital audio conversion,4
wiring verification,4
medical procedure support,4
patron registration,4
book maintenance,4
aseptic maintenance,4
pre-operative care,4
mourner guidance,4
processional management,4
ceremonial protocol,4
educational program development,4
nutrition education,4
surgical instrument handling,4
surgical retraction,4
solution development,4
wound closure,4
bleeding control,4
surgical site assessment,4
power distribution systems,4
crop storage planning,4
agricultural machinery design,4
land reclamation planning,4
algorithm development,4
lens fabrication,4
frame selection,4
contact lens care,4
employee benefit research,4
ethnographic fieldwork,4
anthropological theory,4
corrective lens prescription,4
prosthesis design,4
dental technology,4
implant placement,4
dental restoration,4
aesthetic dentistry,4
lens grinding,4
facial measurement techniques,4
eyewear design,4
sales tracking,4
medical abbreviation translation,4
optical prescription analysis,4
legal terminology application,4
environmental hazard mitigation,4
agricultural systems design,4
deposit management,4
message recording,4
word processing,4
mechanism expertise,4
electronic mail systems,4
field operations,4
protective gear usage,4
decontamination procedures,4
audio video feed management,4
audio visual materials selection,4
digital media storage,4
software installation,4
office software,4
human factors engineering,4
ergonomics,4
editorial standards,4
pedestrian management,4
news research techniques,4
writing for different mediums,4
user interface design,4
human machine interface design,4
sound quality evaluation,4
instrument repair techniques,4
instrument reassembly,4
tuning instruments,4
animal welfare knowledge,4
adoption facilitation,4
instrument disassembly,4
video editing skills,4
oil and gas recovery,4
radiation detection,4
account verification,4
audio quality control,4
audio synchronization,4
airworthiness certification,4
aviation technology,4
audio mixing,4
computer science,4
testing and validation,4
audio troubleshooting,4
audio control,4
mold assembly,4
presentation equipment operation,4
audio video system design,4
video equipment maintenance,4
string adjustment,4
lost and found management,4
design refinement,4
currency counting,4
discrepancy resolution,4
assembly layout,4
mathematical formulas,4
event lighting control,4
story organization,4
valve repair,3
core box maintenance,3
pattern removal techniques,3
heavy component movement,3
regulator installation,3
safety valve maintenance,3
blending processes,3
artistic vision,3
lens management,3
foreign object removal,3
human animal interaction,3
technical composition,3
crane operation,3
conditioning animals,3
flame control and management,3
pattern positioning,3
visual hygiene education,3
mold surface repair,3
mold section alignment,3
parting agent application,3
animal training techniques,3
vision therapy,3
core formation,3
article preparation,3
radio broadcasting,3
dental appliance design,3
freight tracking,3
financial estimation,3
optical equipment operation,3
verbatim transcription techniques,3
real-time decision making,3
strong comprehension,3
switchboard operation,3
directory navigation,3
steam application,3
wrinkle removal,3
special assistance,3
mathematical skills,3
administrative support,3
fiber softening,3
customer satisfaction,3
escalation procedures,3
shape manipulation,3
event coordination,3
guest accommodation,3
delivery notification,3
financial integrity,3
administrative record-keeping,3
auditory training,3
orthodontic procedures instruction,3
facial treatments,3
product selection,3
skin care regimens,3
tinting and coloring,3
media planning,3
broadcast content development,3
story development,3
hearing assessment,3
systemic health monitoring,3
hearing loss counseling,3
emergency shutdown procedures,3
environmental protocols management,3
ear molding techniques,3
assistive listening devices,3
hearing aid fitting,3
foot care techniques,3
prosthetic device fitting,3
content evaluation,3
directional control,3
mail routing,3
site selection,3
literature analysis,3
course development,3
organizational goal alignment,3
investigative coordination,3
donor relationship building,3
employee insurance management,3
employee remuneration analysis,3
credit counseling,3
pension program management,3
collaboration with external providers,3
policy and regulation advising,3
federal and state law compliance,3
workplace practice improvement,3
economic guidelines,3
expert advice,3
classroom discussion facilitation,3
financial literacy,3
employee skills enhancement,3
tree assessment,3
tax planning,3
product research,3
nursing informatics,3
patient information security,3
substance abuse prevention,3
financial research,3
fraud detection,3
eco-industrial practices,3
environmental forecasting,3
urban planning,3
thermal equipment repair,3
cyclical system design,3
environmental database management,3
alternative energy scenarios,3
climate change mitigation,3
climate change research,3
organizational development,3
instructor performance assessment,3
product description writing,3
debt management,3
financial market trends,3
neuroimaging interpretation,3
securities trading,3
application assistance,3
physical fitness assessment,3
nutrition and hydration education,3
population health management,3
traffic volume measurement,3
signal effectiveness assessment,3
talent evaluation,3
client representation,3
public interaction,3
community health improvement,3
machine learning,3
data integrity,3
proteomics,3
template fabrication,3
health surveillance,3
security training,3
security documentation,3
asset optimization,3
derivative valuation,3
weather interpretation,3
athlete evaluation,3
survey data collection,3
technological advancements,3
insurance planning,3
search and rescue,3
debt liquidation,3
coordinate calculation,3
product testing,3
data distribution,3
probability theory,3
research design,3
tissue preparation,3
quality control audits,3
data validation,3
program knowledge,3
traffic speed measurement,3
lighting adequacy assessment,3
visual aid creation,3
informatics solutions development,3
personal growth,3
neurological examination,3
technical investigation,3
avionics equipment installation,3
transmission equipment operation,3
radiation therapy,3
force application,3
stone analysis,3
dimension marking,3
broadcast transmission control,3
broadcast equipment operation,3
audio signal adjustment,3
signal strength adjustment,3
programming substitution,3
electronics assembly,3
electrical engineering principles,3
sustainable manufacturing technologies,3
neurological service coordination,3
lean manufacturing techniques,3
mail transfer,3
conceptual design,3
architectural design,3
mail quality control,3
facility examination,3
glass replacement,3
loss prevention strategies,3
personal finance,3
network equipment configuration,3
social advocacy,3
confidentiality maintenance,3
production issue resolution,3
loss investigation,3
autism support,3
disability accommodation,3
traumatic brain injury support,3
sports and game achievement,3
gross motor skills development,3
individualized instruction,3
orthopedic impairment support,3
perceptual motor skills,3
security breach investigation,3
mail addressing,3
troubleshooting manufacturing issues,3
interfaith relations,3
pollutant measurement,3
moral guidance,3
religious education,3
marine life observation,3
environmental awareness,3
dive planning,3
underwater operations,3
web development,3
cataloging systems,3
data encryption,3
firewall configuration,3
field observation,3
health information technology,3
service coordination,3
placement support,3
brain death determination,3
spiritual guidance,3
debt negotiation,3
design review,3
mail collection,3
proposal presentation,3
technical leadership,3
substance flow analysis,3
engine performance monitoring,3
spill prevention,3
field testing,3
mail postage affixation,3
network integration,3
network performance analysis,3
scientific communication,2
newborn care,2
cellular biology,2
molecular biology,2
post-birth care,2
composite material restoration,2
surgical team coordination,2
panel removal,2
prenatal care,2
biostatistical consultation,2
dental record keeping,2
emergency preparedness,2
topical anesthesia administration,2
dental calculus removal,2
gum probing,2
pregnancy management,2
labor support,2
x-ray film development,2
plastic panel repair,2
oral cancer detection,2
biostatistical theory,2
childbirth assistance,2
performance standards development,2
computational biology,2
web site testing,2
track assembly,2
quality control policy formulation,2
web analytics,2
route familiarity,2
special needs accommodation,2
itinerary development,2
destination knowledge,2
hardware repair,2
network administration,2
data warehousing,2
database troubleshooting,2
database reliability,2
tour package sales,2
database maintenance,2
database documentation,2
database standards,2
database upgrade planning,2
automated door systems installation,2
mechanical door repair,2
electric door opener installation,2
hr documentation,2
financial ratio generation,2
job analysis,2
sorting and routing,2
telephone etiquette,2
labor law,2
guest service,2
employee file management,2
employee information provision,2
door frame installation,2
employee support services,2
order verification,2
order processing,2
local information provision,2
dining reservation,2
software licensing,2
data backup,2
web performance optimization,2
server-side code optimization,2
bioinformatics,2
data communication,2
printing plate production,2
logical analysis,2
technical innovation,2
actor development,2
business education,2
liaison skills,2
casting,2
laser surgery techniques,2
ophthalmic consultation,2
vision health promotion,2
mediation skills,2
court presentation,2
claim settlement,2
device assembly,2
device adjustment,2
body measurement techniques,2
medical device fabrication,2
parking regulations knowledge,2
acquisition and display,2
educational program coordination,2
test execution,2
automated testing,2
boarding assistance,2
seating arrangements,2
bug tracking,2
test planning,2
software design,2
compatibility testing,2
digital file preparation,2
classification systems,2
design trend awareness,2
computer software proficiency,2
image generation,2
target audience research,2
historical significance analysis,2
document editing,2
document preservation,2
paint application,2
material shaping techniques,2
digital content preparation,2
mentoring,2
font and graphic management,2
event scheduling,2
laboratory information systems,2
chromosome imaging,2
microscopy techniques,2
training materials design,2
lighting techniques,2
chromosome banding,2
camera operation,2
metal casting processes,2
scrap metal management,2
material sampling,2
green building practices,2
constructive communication,2
chromosome analysis,2
genetic nomenclature,2
template positioning,2
material examination,2
cellular analysis,2
patient data documentation,2
hormonal imbalance detection,2
pathological condition detection,2
cutting line marking,2
material marking,2
component positioning,2
brush control,2
revegetation techniques,2
grazing management,2
vegetation assessment,2
component verification,2
land improvement design,2
range planning,2
prevention programs,2
individual therapy,2
material sequencing,2
information literacy,2
sod laying,2
gardening techniques,2
weeding and mulching,2
library operations,2
user services,2
technical services,2
lecture delivery,2
fabric handling,2
visual examination,2
fiberglass handling,2
resin application,2
wrinkle elimination,2
air bubble removal,2
pattern optimization,2
lawn maintenance,2
weight estimation,2
critical judgment,2
container management,2
course design,2
experiential learning,2
masking,2
image retouching,2
color management,2
digital asset management,2
airbrushing,2
typeface management,2
bitmap editing,2
color separation,2
pedagogy,2
employee selection,2
leadership coaching,2
histology techniques,2
genetic disease diagnosis,2
loan application review,2
visual documentation,2
pharmacy operations,2
water distribution network design,2
water storage facilities design,2
patient data entry,2
water efficiency programs development,2
glass handling and transportation,2
pressure vessel inspection,2
plate shaping techniques,2
volunteer management,2
porcelain handling,2
site specification development,2
wind farm layout design,2
device design,2
sludge treatment methods,2
acrylic paste mixing,2
framework assembly,2
model evaluation,2
air traffic control,2
device fitting,2
prosthetic and orthotic appliances,2
plaster casting,2
measurement and marking,2
flight planning,2
glass cutting techniques,2
photonic test data recording,2
test data analysis,2
prescription preparation,2
glass preparation,2
thread management,2
skin analysis,2
educational activities,2
audience adaptation,2
commentary development,2
flood control measures,2
direction provision,2
site knowledge,2
experience management,2
question response,2
frame straightening,2
image and text proofreading,2
plan adaptation,2
anchoring systems,2
rock support systems,2
stitching techniques,2
hydraulic modeling,2
flow regulation,1
mud report preparation,1
valve operation,1
gauge monitoring,1
social adjustment,1
rubber processing,1
derrick inspection,1
clarity analysis,1
plot diagram creation,1
gemstone identification,1
wood cutting,1
pattern repair,1
article counting,1
article identification,1
flowmeter monitoring,1
component adjustment,1
detail orientation,1
data mining,1
tire construction,1
analytical thinking,1
tire inspection,1
room assignment,1
key issuance,1
water supply planning,1
wrapping techniques,1
automated system utilization,1
altitude management,1
filter cleaning,1
article folding,1
hanging techniques,1
cleaning agent regulation,1
product monitoring,1
physical property documentation,1
glass installation,1
timepiece testing,1
transmission repair,1
ignition system repair,1
teacher coaching,1
curriculum evaluation,1
equal opportunity compliance,1
workplace discrimination assessment,1
brake repair,1
engine dismantling,1
leave time tracking,1
guideline creation,1
dispute arbitration,1
nondiscriminatory employment practices,1
payroll data analysis,1
payroll record management,1
wage calculation and deduction,1
payroll system operation,1
complaint investigation,1
tax and deduction law compliance,1
time sheet review and reconciliation,1
civil rights law interpretation,1
policy communication,1
workplace fairness promotion,1
value forecasting,1
comparable property analysis,1
graphical analysis,1
precision cleaning methods,1
timepiece repair techniques,1
business intelligence,1
specialized tool usage,1
data synthesis,1
reinforcing element installation,1
reinforcement material securing,1
steel rod cutting,1
code marking,1
textile examination,1
data research,1
typing skills,1
collation and binding,1
document transmission,1
concrete form preparation,1
structural component fitting,1
wire mesh placement,1
waterproofing techniques,1
document formatting,1
motorcycle repair techniques,1
structural component installation,1
rebar bending,1
load positioning,1
steel bar positioning,1
financial statement reconciliation,1
load attachment,1
hoist maintenance,1
concrete structure integrity,1
mechanism inspection,1
grammar and punctuation,1
custom furniture creation,1
key fabrication,1
plant physiology,1
wire manipulation,1
plot development,1
copyright management,1
dialogue writing,1
characterization,1
confined space access,1
cable pulling,1
cable stringing,1
fault analysis,1
diagnostic material archiving,1
tissue sectioning,1
paraffin wax embedding,1
histological slide preparation,1
script writing,1
promotional appearance,1
social interaction,1
event hosting,1
music selection,1
clay manipulation,1
wire coiling techniques,1
electrical component production,1
component removal,1
control device selection,1
radiography techniques,1
chemical composition,1
food distribution,1
food preservation,1
food development,1
dietary assessment,1
nutrition counseling,1
motion control techniques,1
position sensing,1
language adaptation,1
automation systems development,1
pressure sensing,1
electronic communication,1
mechatronic system design,1
sensor integration,1
precision equipment design,1
revision skills,1
audience analysis,1
kiln operation,1
weed control,1
emergency access procedures,1
tree shaping,1
death investigation,1
remains management,1
autopsy techniques,1
death notification,1
bibliography compilation,1
analytical research,1
office hours management,1
trench grading,1
pipe laying,1
infrastructure maintenance,1
pipe cutting,1
research planning,1
product sourcing,1
upholstery techniques,1
upholstery repair,1
measuring and cutting,1
wood refinishing,1
webbing adjustment,1
loose fiber stuffing,1
crisis communication,1
election analysis,1
governmental systems,1
cultural analysis,1
branch removal,1
climbing gear usage,1
rigging techniques,1
tree climbing techniques,1
computational skills,1
global studies,1
environmental consulting,1
human geography,1
vendor selection,1
audio-visual design,1
meeting facilitation,1
behavioral influence,1
donor database management,1
public awareness,1
exhibition design,1
scholarly writing,1
authentication processes,1
visitor services,1
non-destructive testing,1
test result evaluation,1
thermal imaging,1
ultrasonic testing,1
network documentation,1
network operations management,1
network software development,1
companionship,1
light cleaning,1
academic governance,1
mobility enhancement,1
physical assessment,1
function restoration,1
exercise physiology,1
operational improvement,1
operating room setup,1
surgical supply management,1
medical instrument preparation,1
ophthalmic triage,1
intraocular pressure measurement,1
refractive error calculation,1
ophthalmic equipment operation,1
clinical photography,1
network hardware selection,1
capacity planning,1
network upgrade planning,1
safe repair,1
mail examination,1
locksmithing techniques,1
lock repair,1
lock mechanism analysis,1
master key system management,1
lock adjusting,1
key system design,1
lock configuration management,1
energy efficiency improvement planning,1
ambulance maintenance,1
energy savings calculation,1
energy consumption baseline establishment,1
energy conservation education,1
building system evaluation,1
energy efficient technology selection,1
energy consumption measurement,1
building envelope inspection,1
patient transfer techniques,1
comprehensive reporting,1
complication management,1
image review,1
vibration studies,1
public health research,1
medical principle teaching,1
microorganism identification,1
molecular analysis,1
structural determination,1
screening program development,1
assistive device fitting,1
hearing conservation,1
marine engineering,1
treatment application,1
equipment performance evaluation,1
vessel design,1
testing and installation,1
specification preparation,1
maritime rescue techniques,1
signal processing,1
communication protocols,1
vessel navigation,1
research presentation,1
scalp health monitoring,1
spring replacement,1
genetic principle instruction,1
test result reporting,1
cardiovascular system knowledge,1
clinical judgment,1
physiological testing,1
dental diagnosis,1
dental health programs,1
genetic laboratory techniques,1
genetic research design,1
database scalability,1
medical referral advice,1
database performance optimization,1
visual acuity assessment,1
blood transfusion techniques,1
fetal monitoring,1
allergy and immunology knowledge,1
scalp condition treatment,1
hair loss management,1
patron needs assessment,1
pump operation,1
